contract name,last traded,strike,last,bid,ask,change,chang%,Volume,Open Int.,Implied Vol,expiry
AAPL190412C00130000,2019-04-05 2:42PM EDT,130,66.94,66.65,67.5,9.65,16.84%,14,7,135.16%,4/12/2019
AAPL190412C00140000,2019-04-05 2:42PM EDT,140,56.95,54.85,59.15,10.95,23.80%,1,10,50.00%,4/12/2019
AAPL190412C00145000,2019-03-18 9:30AM EDT,145,41.05,49.85,54.2,0,-,10,18,90.63%,4/12/2019
AAPL190412C00146000,2019-03-18 12:07AM EDT,146,37,48.85,53.2,0,-,10,10,88.28%,4/12/2019
AAPL190412C00147000,2019-04-05 3:34PM EDT,147,50.21,47.85,52.2,12.51,33.18%,50,10,86.72%,4/12/2019
AAPL190412C00148000,2019-03-01 2:57PM EDT,148,27.24,46.85,51.2,0,-,1,1,85.16%,4/12/2019
AAPL190412C00149000,2019-04-05 3:36PM EDT,149,48.17,45.9,50,10.77,28.80%,40,2,176.03%,4/12/2019
AAPL190412C00150000,2019-04-05 3:16PM EDT,150,46.85,44.85,49.1,3.03,6.91%,1,7,175.24%,4/12/2019
AAPL190412C00152500,2019-03-19 10:21AM EDT,152.5,36,42.35,46.5,0,-,0,10,164.84%,4/12/2019
AAPL190412C00155000,2019-04-03 11:41AM EDT,155,41.08,39.85,44.2,0,-,25,31,72.27%,4/12/2019
AAPL190412C00157500,2019-04-02 2:09PM EDT,157.5,36.36,37.4,41.65,0,-,1,2,67.97%,4/12/2019
AAPL190412C00160000,2019-04-03 10:31AM EDT,160,35.87,34.85,39.2,0,-,1,25,63.67%,4/12/2019
AAPL190412C00162500,2019-04-05 12:57PM EDT,162.5,33.89,32.35,36.7,7.81,29.95%,3,15,59.38%,4/12/2019
AAPL190412C00165000,2019-04-05 3:38PM EDT,165,31.92,29.85,32.25,1.92,6.40%,16,47,76.56%,4/12/2019
AAPL190412C00167500,2019-04-05 9:53AM EDT,167.5,28.99,27.35,31.7,0.36,1.26%,1,52,50.78%,4/12/2019
AAPL190412C00170000,2019-04-05 2:24PM EDT,170,26.89,24.85,27.2,0.77,2.95%,32,74,63.09%,4/12/2019
AAPL190412C00172500,2019-04-05 3:42PM EDT,172.5,24.5,22.4,26.5,0.69,2.90%,50,68,102.93%,4/12/2019
AAPL190412C00175000,2019-04-05 12:26PM EDT,175,21.81,19.9,22.2,0.59,2.78%,3,336,52.64%,4/12/2019
AAPL190412C00177500,2019-04-05 3:09PM EDT,177.5,19.4,17.4,20.75,0.92,4.98%,349,385,74.56%,4/12/2019
AAPL190412C00180000,2019-04-05 3:58PM EDT,180,17.07,17,17.25,1.19,7.49%,197,992,44.09%,4/12/2019
AAPL190412C00182500,2019-04-05 3:56PM EDT,182.5,14.58,14.5,14.8,1.15,8.56%,293,"1,374",40.28%,4/12/2019
AAPL190412C00185000,2019-04-05 3:54PM EDT,185,12.2,12.1,12.35,1.51,14.13%,381,"1,819",35.94%,4/12/2019
AAPL190412C00187500,2019-04-05 3:59PM EDT,187.5,9.8,9.7,9.9,1.25,14.62%,690,"1,263",31.18%,4/12/2019
AAPL190412C00190000,2019-04-05 3:59PM EDT,190,7.5,7.35,7.55,1.1,17.19%,"1,358","4,023",27.66%,4/12/2019
AAPL190412C00192500,2019-04-05 3:59PM EDT,192.5,5.3,5.25,5.4,0.89,20.18%,"3,068","4,606",25.51%,4/12/2019
AAPL190412C00195000,2019-04-05 3:59PM EDT,195,3.45,3.35,3.5,0.66,23.66%,"8,485","7,088",23.61%,4/12/2019
AAPL190412C00197500,2019-04-05 3:59PM EDT,197.5,1.96,1.93,2.01,0.35,21.74%,"17,208","6,893",22.32%,4/12/2019
AAPL190412C00200000,2019-04-05 3:59PM EDT,200,1.02,1.01,1.04,0.18,21.43%,"19,670","13,510",21.92%,4/12/2019
AAPL190412C00202500,2019-04-05 3:59PM EDT,202.5,0.49,0.49,0.51,0.07,16.67%,"4,855","2,867",22.29%,4/12/2019
AAPL190412C00205000,2019-04-05 3:59PM EDT,205,0.24,0.22,0.24,0.03,14.29%,"4,339","5,856",22.95%,4/12/2019
AAPL190412C00207500,2019-04-05 3:57PM EDT,207.5,0.11,0.12,0.13,-0.03,-21.43%,"6,172","2,849",24.51%,4/12/2019
AAPL190412C00210000,2019-04-05 3:51PM EDT,210,0.07,0.06,0.08,-0.01,-12.50%,"1,127","3,032",26.47%,4/12/2019
AAPL190412C00212500,2019-04-05 3:59PM EDT,212.5,0.06,0.04,0.06,0.01,20.00%,926,"1,453",29.10%,4/12/2019
AAPL190412C00215000,2019-04-05 3:45PM EDT,215,0.04,0.03,0.04,0,-,753,"1,974",31.06%,4/12/2019
AAPL190412C00217500,2019-04-05 3:59PM EDT,217.5,0.03,0.02,0.03,0,-,332,999,33.20%,4/12/2019
AAPL190412C00220000,2019-04-05 3:06PM EDT,220,0.02,0.02,0.03,-0.01,-33.33%,539,"3,202",36.52%,4/12/2019
AAPL190412C00225000,2019-04-05 10:36AM EDT,225,0.01,0.01,0.02,-0.02,-66.67%,4,"2,344",41.02%,4/12/2019
AAPL190412C00230000,2019-04-05 3:55PM EDT,230,0.01,0.01,0.02,0,-,"2,223",761,46.88%,4/12/2019
AAPL190412C00235000,2019-04-05 3:57PM EDT,235,0.01,0,0.01,0,-,286,823,49.22%,4/12/2019
AAPL190412C00240000,2019-04-05 9:42AM EDT,240,0.01,0,0.01,0,-,2,"1,188",50.00%,4/12/2019
AAPL190418C00002500,2019-02-25 4:30PM EDT,2.5,172.1,194.15,195,0,-,3,3,996.88%,4/18/2109
AAPL190418C00005000,2019-03-25 1:23PM EDT,5,183.45,191.65,192.5,0,-,0,38,812.50%,4/18/2019
AAPL190418C00007500,2019-03-25 1:23PM EDT,7.5,180.95,189.15,190,0,-,10,50,710.94%,4/18/1929
AAPL190418C00010000,2019-03-26 1:54PM EDT,10,179.45,186.65,187.5,0,-,0,240,642.19%,4/18/2019
AAPL190418C00012500,2019-03-26 10:43AM EDT,12.5,179.2,184.15,185,0,-,0,275,590.63%,4/18/2109
AAPL190418C00015000,2019-03-26 10:43AM EDT,15,176.7,181.65,182.5,0,-,0,200,550.00%,4/18/2019
AAPL190418C00017500,2019-03-26 10:43AM EDT,17.5,172.8,179.15,180,0,-,0,210,515.63%,4/18/2109
AAPL190418C00020000,2019-03-25 1:32PM EDT,20,168.25,176.65,177.5,0,-,0,195,485.94%,4/18/2019
AAPL190418C00022500,2019-03-25 1:32PM EDT,22.5,165.75,174.15,175,0,-,0,311,459.38%,4/18/2109
AAPL190418C00025000,2019-02-26 4:18PM EDT,25,163.4,171.65,172.5,0,-,0,291,437.50%,4/18/2019
AAPL190418C00030000,2019-03-19 12:46PM EDT,30,157.65,166.65,167.5,0,-,10,200,398.44%,4/18/2109
AAPL190418C00035000,2019-03-20 2:21PM EDT,35,153.4,161.6,162.45,0,-,0,120,328.13%,4/18/2019
AAPL190418C00040000,2019-03-12 12:42PM EDT,40,141,156.65,157.45,0,-,0,75,323.44%,4/18/2109
AAPL190418C00045000,2019-03-06 10:32AM EDT,45,129.25,151.65,152.5,0,-,5,15,312.50%,4/18/2019
AAPL190418C00050000,2019-03-29 1:46PM EDT,50,139.3,146.65,147.5,0,-,14,67,290.63%,4/18/2109
AAPL190418C00055000,2019-03-19 3:43PM EDT,55,134.15,141.65,142.5,0,-,4,44,271.09%,4/18/2019
AAPL190418C00060000,2019-02-26 4:55PM EDT,60,114.6,136.65,137.5,0,-,0,49,253.91%,4/18/2109
AAPL190418C00065000,2019-02-13 1:18PM EDT,65,144.55,131.65,132.5,0,-,0,0,237.50%,4/18/2019
AAPL190418C00070000,2019-01-31 11:00AM EDT,70,104.85,126.65,127.5,0,-,0,14,221.88%,4/18/2109
AAPL190418C00075000,2019-02-13 1:18PM EDT,75,83.1,121.65,122.5,0,-,0,0,207.81%,4/18/2019
AAPL190418C00080000,2019-03-04 11:35AM EDT,80,97.2,116.65,117.5,0,-,0,20,194.53%,4/18/2109
AAPL190418C00090000,2019-03-29 1:46PM EDT,90,99.35,106.65,107.5,0,-,2,8,170.70%,4/18/2019
AAPL190418C00095000,2019-04-03 11:07AM EDT,95,101.85,101.65,102.5,0,-,1,22,159.77%,4/18/2109
AAPL190418C00100000,2019-03-21 11:28AM EDT,100,94.69,96.7,97.55,0,-,0,75,158.79%,4/18/2019
AAPL190418C00105000,2019-03-20 2:48PM EDT,105,84.35,89.9,94.2,0,-,0,22,133.20%,4/18/2109
AAPL190418C00110000,2019-04-02 3:39PM EDT,110,82.6,84.9,89.2,0,-,2,192,124.22%,4/18/2019
AAPL190418C00115000,2019-03-27 12:25PM EDT,115,73.45,79.85,84.2,0,-,1,21,107.03%,4/18/2109
AAPL190418C00120000,2019-03-27 10:26AM EDT,120,69.6,74.9,79.15,0,-,7,139,99.22%,4/18/2019
AAPL190418C00125000,2019-04-05 11:38AM EDT,125,71.62,69.9,74.25,17.54,32.43%,1,68,103.52%,4/18/2109
AAPL190418C00130000,2019-04-05 12:53PM EDT,130,66.6,66.85,69.15,6.54,10.89%,1,323,144.48%,4/18/2019
AAPL190418C00135000,2019-04-01 10:04AM EDT,135,55.6,59.9,64.25,0,-,1,262,87.50%,4/18/2109
AAPL190418C00140000,2019-04-04 2:03PM EDT,140,55.61,56.85,57.8,0,-,2,667,98.93%,8/18/4780
AAPL190418C00145000,2019-04-05 11:05AM EDT,145,51.61,51.8,54.25,1,1.98%,1,"1,637",113.09%,8/18/4690
AAPL190418C00150000,2019-04-05 3:12PM EDT,150,46.85,46.8,48,0.87,1.89%,3,"6,889",84.67%,8/18/4600
AAPL190418C00155000,2019-04-05 12:08PM EDT,155,41.85,41.95,44.3,1.16,2.85%,13,"3,802",95.07%,8/18/4510
AAPL190418C00160000,2019-04-05 3:39PM EDT,160,37.16,36.95,38.85,1.29,3.60%,30,"28,830",80.57%,8/18/4420
AAPL190418C00165000,2019-04-05 3:30PM EDT,165,32.14,30,32.35,1.64,5.38%,29,"5,183",57.72%,8/18/4330
AAPL190418C00167500,2019-04-02 12:43PM EDT,167.5,25.62,27.45,31.8,0,-,1,19,87.55%,8/18/4240
AAPL190418C00170000,2019-04-05 3:35PM EDT,170,27.15,27.15,27.35,1.47,5.72%,158,"14,939",49.61%,8/18/4150
AAPL190418C00172500,2019-04-05 3:21PM EDT,172.5,24.61,22.5,25,1.35,5.80%,8,242,49.32%,8/18/4060
AAPL190418C00175000,2019-04-05 3:53PM EDT,175,22.2,21.85,22.4,1.53,7.40%,337,"15,076",42.82%,8/18/3970
AAPL190418C00177500,2019-04-03 11:04AM EDT,177.5,19.45,19.35,20.2,0.3,1.57%,1,331,44.53%,8/18/3880
AAPL190418C00180000,2019-04-05 3:56PM EDT,180,17.22,16.9,17.45,1.32,8.30%,340,"65,354",35.65%,8/18/3790
AAPL190418C00182500,2019-04-05 2:32PM EDT,182.5,14.7,14.75,15,1.02,7.46%,40,"1,083",32.30%,8/18/3700
AAPL190418C00185000,2019-04-05 3:54PM EDT,185,12.45,12.4,12.55,1.31,11.76%,886,"63,876",28.71%,8/18/3610
AAPL190418C00187500,2019-04-05 3:57PM EDT,187.5,10.09,10.05,10.25,0.99,10.88%,232,"2,037",26.76%,8/18/3520
AAPL190418C00190000,2019-04-05 3:59PM EDT,190,7.95,7.85,8,0.94,13.41%,"1,572","31,743",24.43%,8/18/3430
AAPL190418C00192500,2019-04-05 3:58PM EDT,192.5,5.93,5.85,5.95,0.77,14.92%,850,"3,941",22.79%,8/18/3340
AAPL190418C00195000,2019-04-05 3:59PM EDT,195,4.25,4.15,4.25,0.71,20.06%,"6,770","15,752",22.22%,8/18/3250
AAPL190418C00197500,2019-04-05 3:59PM EDT,197.5,2.8,2.74,2.82,0.48,20.69%,"3,750","5,585",21.47%,8/18/3160
AAPL190418C00200000,2019-04-05 3:59PM EDT,200,1.74,1.72,1.76,0.3,20.83%,"6,719","27,260",21.07%,8/18/3070
AAPL190418C00202500,2019-04-05 3:59PM EDT,202.5,1.02,1,1.04,0.18,21.43%,"1,948","3,710",20.96%,8/18/2980
AAPL190418C00205000,2019-04-05 3:59PM EDT,205,0.6,0.58,0.6,0.11,22.45%,"2,068","9,358",21.19%,8/18/2890
AAPL190418C00207500,2019-04-05 3:59PM EDT,207.5,0.34,0.33,0.35,0.05,17.24%,696,"3,809",21.73%,8/18/2800
AAPL190418C00210000,2019-04-05 3:59PM EDT,210,0.2,0.19,0.21,0.01,5.26%,"1,198","12,508",22.51%,8/18/2710
AAPL190418C00215000,2019-04-05 3:59PM EDT,215,0.09,0.08,0.09,0,-,385,"7,480",24.71%,8/18/2620
AAPL190418C00220000,2019-04-05 3:53PM EDT,220,0.05,0.04,0.05,-0.01,-16.67%,466,"8,639",27.54%,8/18/2530
AAPL190418C00225000,2019-04-05 3:58PM EDT,225,0.03,0.03,0.04,0,-,190,"12,715",31.45%,8/18/2440
AAPL190418C00230000,2019-04-05 3:59PM EDT,230,0.02,0.02,0.03,0,-,886,"13,091",34.77%,8/18/2350
AAPL190418C00235000,2019-04-05 3:44PM EDT,235,0.02,0.02,0.03,0.01,100.00%,"1,214","14,424",38.87%,8/18/2260
AAPL190418C00240000,2019-04-05 3:23PM EDT,240,0.01,0.01,0.02,0,-,"2,990","8,067",41.02%,8/18/2170
AAPL190418C00245000,2019-04-05 3:54PM EDT,245,0.01,0,0.01,0,-,850,"13,201",42.19%,8/18/2080
AAPL190418C00250000,2019-03-27 2:47PM EDT,250,0.01,0,0.01,0,-,0,"9,974",45.31%,8/18/1990
AAPL190418C00255000,2019-04-05 12:33PM EDT,255,0.01,0,0.01,0,-,20,"5,765",48.44%,8/18/1900
AAPL190418C00260000,2019-03-25 11:01AM EDT,260,0.02,0,0.01,0,-,0,"3,048",51.56%,4/18/2109
AAPL190418C00265000,2019-03-25 12:05PM EDT,265,0.01,0,0.01,0,-,416,"1,442",51.56%,4/18/2019
AAPL190418C00270000,2019-03-25 2:41PM EDT,270,0.01,0,0.01,0,-,225,"2,431",54.69%,4/18/2109
AAPL190418C00275000,2019-03-27 11:37AM EDT,275,0.01,0,0.01,0,-,0,"1,148",57.81%,4/18/2019
AAPL190418C00280000,2019-04-01 12:59PM EDT,280,0.01,0,0.01,0,-,1,577,60.94%,4/18/2109
AAPL190418C00285000,2019-03-21 2:06PM EDT,285,0.01,0,0.01,0,-,0,323,64.06%,4/18/2019
AAPL190418C00290000,2019-01-29 11:21AM EDT,290,0.01,0,0.01,0,-,0,577,65.63%,4/18/2109
AAPL190418C00295000,2019-02-04 3:06PM EDT,295,0.01,0,0.01,0,-,0,503,68.75%,4/18/2019
AAPL190418C00300000,2019-02-26 2:26PM EDT,300,0.01,0,0.01,0,-,1,"1,734",71.88%,4/18/2109
AAPL190418C00305000,2019-01-25 12:04PM EDT,305,0.01,0,0.01,0,-,1,797,75.00%,4/18/2019
AAPL190418C00310000,2019-02-13 1:17PM EDT,310,0.09,0,0.01,0,-,0,156,76.56%,4/18/2109
AAPL190418C00315000,2019-02-13 1:17PM EDT,315,0.23,0,0.01,0,-,0,418,78.13%,4/18/2019
AAPL190418C00320000,2019-01-22 10:40AM EDT,320,0.02,0,0.01,0,-,0,811,81.25%,4/18/2109
AAPL190418C00325000,2019-01-23 3:49PM EDT,325,0.02,0,0.01,0,-,0,197,84.38%,4/18/2019
AAPL190418C00330000,2019-02-13 1:17PM EDT,330,0.02,0,0.01,0,-,0,136,85.94%,4/18/2109
AAPL190418C00335000,2019-02-13 1:17PM EDT,335,0.06,0,0.01,0,-,0,102,87.50%,4/18/2019
AAPL190418C00340000,2019-02-13 1:17PM EDT,340,0.13,0,0.01,0,-,0,110,90.63%,4/18/2109
AAPL190418C00345000,2019-02-05 1:17PM EDT,345,0.01,0,0.01,0,-,0,162,93.75%,4/18/2019
AAPL190418C00350000,2019-01-29 4:58PM EDT,350,0.02,0,0.01,0,-,10,363,93.75%,4/18/2109
AAPL190418C00355000,2019-02-13 1:17PM EDT,355,0.1,0,0.01,0,-,0,291,96.88%,4/18/2019
AAPL190418C00360000,2019-02-13 1:17PM EDT,360,0.06,0,0.01,0,-,0,128,98.44%,4/18/2109
AAPL190418C00365000,2019-02-13 1:17PM EDT,365,0.1,0,0.01,0,-,0,77,100.00%,4/18/2019
AAPL190418C00370000,2019-02-13 1:17PM EDT,370,0.08,0,0.01,0,-,0,53,103.13%,4/18/2109
AAPL190418C00375000,2019-02-13 1:17PM EDT,375,0.04,0,0.01,0,-,0,338,106.25%,4/18/2019
AAPL190418C00380000,2019-02-13 1:17PM EDT,380,0.01,0,0.01,0,-,4,138,106.25%,4/18/2109
AAPL190418C00385000,2019-02-13 1:17PM EDT,385,0.05,0,0.01,0,-,0,115,109.38%,4/18/2019
AAPL190418C00390000,2019-02-13 1:17PM EDT,390,0.05,0,0.01,0,-,0,202,112.50%,4/18/2109
AAPL190418C00395000,2019-02-13 1:17PM EDT,395,0.01,0,0.01,0,-,10,262,112.50%,4/18/2019
AAPL190418C00400000,2019-02-13 1:17PM EDT,400,0.02,0,0.01,0,-,0,316,115.63%,4/18/1929
AAPL190418C00405000,2019-02-13 1:17PM EDT,405,0.02,0,0.01,0,-,0,50,115.63%,4/18/2019
AAPL190418C00410000,2019-02-13 1:17PM EDT,410,0.01,0,0.01,0,-,0,39,118.75%,4/18/2109
AAPL190418C00420000,2019-02-13 1:17PM EDT,420,0.02,0,0.01,0,-,0,117,121.88%,4/18/2019
AAPL190418C00425000,2019-03-27 9:30AM EDT,425,0.01,0,0.01,0,-,0,262,125.00%,4/18/2109
AAPL190426C00130000,2019-03-26 3:50PM EDT,130,56.35,67,67.3,0,-,0,2,80.86%,4/26/2019
AAPL190426C00140000,2019-04-05 10:24AM EDT,140,56.35,57.05,57.35,1.85,3.39%,1,12,70.90%,4/26/2019
AAPL190426C00145000,2019-04-01 10:42AM EDT,145,44,52.05,52.35,0,-,1,9,64.45%,4/26/2019
AAPL190426C00148000,2019-03-20 10:55AM EDT,148,39.67,49.05,49.35,0,-,1,1,60.74%,4/26/2019
AAPL190426C00150000,2019-04-04 12:54PM EDT,150,45.72,47.05,47.35,0,-,10,13,58.25%,4/26/2019
AAPL190426C00152500,2019-03-25 12:31PM EDT,152.5,38.44,44.55,44.85,0,-,1,1,55.18%,4/26/2019
AAPL190426C00155000,2019-04-02 9:35AM EDT,155,40.87,42.05,42.4,0,-,3,8,53.17%,4/26/2019
AAPL190426C00157500,2019-03-21 11:58AM EDT,157.5,37.85,39.6,39.9,0,-,0,2,51.07%,4/26/2019
AAPL190426C00160000,2019-04-01 2:07PM EDT,160,35.87,37.1,37.4,0,-,3,11,52.34%,4/26/2019
AAPL190426C00162500,2019-04-03 10:31AM EDT,162.5,33.58,34.6,34.9,0,-,1,38,49.12%,4/26/2019
AAPL190426C00165000,2019-04-05 12:57PM EDT,165,31.6,32.15,32.45,0.9,2.93%,3,52,47.02%,4/26/2019
AAPL190426C00167500,2019-04-01 1:11PM EDT,167.5,23.35,29.65,29.95,0,-,2,209,43.75%,4/26/2019
AAPL190426C00170000,2019-04-05 2:21PM EDT,170,27.16,27.2,27.5,1.11,4.26%,8,204,41.48%,4/26/2019
AAPL190426C00172500,2019-04-02 9:38AM EDT,172.5,23.95,24.7,25.05,0.98,4.27%,1,135,39.06%,4/26/2019
AAPL190426C00175000,2019-04-05 3:07PM EDT,175,22.2,22.3,22.55,0.5,2.30%,111,783,35.72%,4/26/2019
AAPL190426C00177500,2019-04-05 2:46PM EDT,177.5,19.87,19.9,20.15,1.49,8.11%,2,306,33.81%,4/26/2019
AAPL190426C00180000,2019-04-05 3:47PM EDT,180,17.57,17.5,17.65,1.17,7.13%,27,"1,075",30.37%,4/26/2019
AAPL190426C00182500,2019-04-05 11:11AM EDT,182.5,14.53,15.15,15.35,0.53,3.79%,6,523,29.13%,4/26/2019
AAPL190426C00185000,2019-04-05 3:45PM EDT,185,12.95,12.85,13,0.99,8.28%,225,"2,394",26.86%,4/26/2019
AAPL190426C00187500,2019-04-05 3:49PM EDT,187.5,10.66,10.65,10.8,0.76,7.68%,150,653,25.40%,4/26/2019
AAPL190426C00190000,2019-04-05 3:52PM EDT,190,8.7,8.6,8.8,1.2,16.00%,282,"3,704",24.63%,4/26/2019
AAPL190426C00192500,2019-04-05 3:54PM EDT,192.5,6.76,6.7,6.9,0.86,14.58%,300,"1,363",23.52%,4/26/2019
AAPL190426C00195000,2019-04-05 3:59PM EDT,195,5.15,5.05,5.2,0.74,16.78%,534,"3,932",22.52%,4/26/2019
AAPL190426C00197500,2019-04-05 3:59PM EDT,197.5,3.75,3.7,3.8,0.62,19.81%,973,"2,083",21.96%,4/26/2019
AAPL190426C00200000,2019-04-05 3:59PM EDT,200,2.62,2.57,2.66,0.42,19.09%,"1,432","3,477",21.48%,4/26/2019
AAPL190426C00202500,2019-04-05 3:57PM EDT,202.5,1.75,1.73,1.8,0.27,18.24%,417,"1,138",21.22%,4/26/2019
AAPL190426C00205000,2019-04-05 3:59PM EDT,205,1.15,1.13,1.16,0.18,18.56%,696,987,20.95%,4/26/2019
AAPL190426C00207500,2019-04-05 3:53PM EDT,207.5,0.72,0.71,0.75,0.12,20.00%,65,533,21.07%,4/26/2019
AAPL190426C00210000,2019-04-05 3:55PM EDT,210,0.47,0.46,0.5,0.08,20.51%,433,"1,190",21.53%,4/26/2019
AAPL190426C00212500,2019-04-05 3:56PM EDT,212.5,0.31,0.29,0.31,0.03,10.71%,47,"1,314",21.68%,4/26/2019
AAPL190426C00215000,2019-04-05 3:59PM EDT,215,0.22,0.2,0.22,0.03,15.79%,65,889,22.53%,4/26/2019
AAPL190426C00217500,2019-04-05 2:46PM EDT,217.5,0.13,0.14,0.16,0,-,31,219,23.44%,4/26/2019
AAPL190426C00220000,2019-04-05 3:30PM EDT,220,0.1,0.1,0.11,0.02,25.00%,386,"4,061",24.02%,4/26/2019
AAPL190426C00225000,2019-04-05 3:58PM EDT,225,0.06,0.04,0.06,0.01,20.00%,55,"1,230",25.68%,4/26/2019
AAPL190426C00230000,2019-04-05 2:52PM EDT,230,0.04,0.03,0.05,0.01,33.33%,1,279,28.52%,4/26/2019
AAPL190426C00235000,2019-04-01 3:32PM EDT,235,0.02,0.02,0.04,0,-,1,3,31.06%,4/26/2019
AAPL190426C00240000,2019-04-04 3:35PM EDT,240,0.02,0.01,0.03,0,-,3,21,33.20%,4/26/2019
AAPL190503C00150000,2019-04-05 12:15PM EDT,150,47.1,47.2,47.55,1.5,3.29%,1,2,55.76%,5/3/2019
AAPL190503C00155000,2019-04-02 12:40PM EDT,155,38.6,42.25,42.6,0,-,1,8,51.27%,5/3/2019
AAPL190503C00160000,2019-04-05 10:40AM EDT,160,36.8,37.35,37.7,3.59,10.81%,1,1,50.64%,5/3/2019
AAPL190503C00165000,2019-03-28 3:14PM EDT,165,24.69,32.45,32.8,0,-,132,216,46.05%,5/3/2019
AAPL190503C00167500,2019-03-29 10:38AM EDT,167.5,23.21,30.05,30.35,0,-,2,13,43.63%,5/3/2019
AAPL190503C00170000,2019-04-05 3:35PM EDT,170,27.77,27.65,27.95,1.26,4.75%,34,158,41.75%,5/3/2019
AAPL190503C00172500,2019-04-05 10:05AM EDT,172.5,25.2,25.25,25.6,1.75,7.46%,6,43,40.23%,5/3/2019
AAPL190503C00175000,2019-04-04 1:05PM EDT,175,21.8,22.95,23.3,0,-,4,69,38.92%,5/3/2019
AAPL190503C00177500,2019-04-04 10:29AM EDT,177.5,19.3,20.7,20.95,0,-,1,40,36.89%,5/3/2019
AAPL190503C00180000,2019-04-05 10:36AM EDT,180,18.1,18.45,18.75,0.6,3.43%,2,261,35.78%,5/3/2019
AAPL190503C00182500,2019-04-05 3:25PM EDT,182.5,16.28,16.3,16.65,0.98,6.41%,11,288,34.95%,5/3/2019
AAPL190503C00185000,2019-04-05 3:01PM EDT,185,14.21,14.25,14.55,1.01,7.65%,21,448,33.63%,5/3/2019
AAPL190503C00187500,2019-04-05 3:59PM EDT,187.5,12.45,12.35,12.65,0.8,6.87%,19,563,33.01%,5/3/2019
AAPL190503C00190000,2019-04-05 3:36PM EDT,190,10.63,10.55,10.8,0.92,9.47%,366,"1,838",32.06%,5/3/2019
AAPL190503C00192500,2019-04-05 3:54PM EDT,192.5,8.95,8.9,9.15,0.8,9.82%,286,897,31.52%,5/3/2019
AAPL190503C00195000,2019-04-05 3:59PM EDT,195,7.45,7.45,7.6,0.7,10.37%,283,"4,889",30.81%,5/3/2019
AAPL190503C00197500,2019-04-05 3:59PM EDT,197.5,6.1,6.05,6.25,0.66,12.13%,455,874,30.36%,5/3/2019
AAPL190503C00200000,2019-04-05 3:59PM EDT,200,4.95,4.85,5,0.55,12.50%,"1,394","3,815",29.66%,5/3/2019
AAPL190503C00202500,2019-04-05 3:59PM EDT,202.5,3.9,3.85,4,0.5,14.71%,301,604,29.43%,5/3/2019
AAPL190503C00205000,2019-04-05 3:57PM EDT,205,3.05,2.98,3.1,0.49,19.14%,177,"1,901",28.94%,5/3/2019
AAPL190503C00207500,2019-04-05 3:54PM EDT,207.5,2.28,2.26,2.35,0.29,14.57%,70,"2,045",28.47%,5/3/2019
AAPL190503C00210000,2019-04-05 3:50PM EDT,210,1.72,1.69,1.79,0.2,13.16%,247,"1,708",28.35%,5/3/2019
AAPL190503C00212500,2019-04-05 3:36PM EDT,212.5,1.29,1.26,1.34,0.12,10.26%,176,307,28.21%,5/3/2019
AAPL190503C00215000,2019-04-05 3:59PM EDT,215,0.98,0.93,1.01,0.14,16.67%,83,207,28.28%,5/3/2019
AAPL190503C00217500,2019-04-05 3:21PM EDT,217.5,0.71,0.7,0.76,0.09,14.52%,3,187,28.44%,5/3/2019
AAPL190503C00220000,2019-04-05 3:51PM EDT,220,0.54,0.53,0.58,0.05,10.20%,496,717,28.74%,5/3/2019
AAPL190503C00225000,2019-04-05 3:38PM EDT,225,0.31,0.3,0.34,0.02,6.90%,"1,226",752,29.44%,5/3/2019
AAPL190503C00230000,2019-04-05 3:23PM EDT,230,0.2,0.19,0.21,0.03,17.65%,61,150,30.42%,5/3/2019
AAPL190503C00235000,2019-04-05 2:16PM EDT,235,0.1,0.11,0.13,-0.03,-23.08%,37,99,31.35%,5/3/2019
AAPL190503C00240000,2019-04-05 3:50PM EDT,240,0.08,0.08,0.1,0.01,14.29%,11,284,33.20%,5/3/2019
AAPL190510C00172500,2019-04-01 12:09PM EDT,172.5,24.73,25.45,25.85,0.9,3.78%,1,30,38.09%,5/10/2019
AAPL190510C00175000,2019-04-05 3:50PM EDT,175,23.22,23.15,23.5,1.22,5.55%,9,26,36.29%,5/10/2019
AAPL190510C00180000,2019-04-05 1:12PM EDT,180,18.5,18.7,19.05,0.93,5.29%,5,20,33.85%,5/10/2019
AAPL190510C00182500,2019-04-05 1:16PM EDT,182.5,16.4,16.6,16.95,0.85,5.47%,4,44,32.91%,5/10/2019
AAPL190510C00187500,2019-04-05 3:58PM EDT,187.5,12.8,12.65,12.9,0.85,7.11%,29,129,30.65%,5/10/2019
AAPL190510C00190000,2019-04-05 3:57PM EDT,190,10.95,10.9,11.2,0.73,7.14%,35,200,30.41%,5/10/2019
AAPL190510C00192500,2019-04-05 2:55PM EDT,192.5,9.15,9.25,9.55,0.75,8.93%,14,208,29.83%,5/10/2019
AAPL190510C00195000,2019-04-05 3:59PM EDT,195,7.9,7.75,8,0.85,12.06%,155,291,29.14%,5/10/2019
AAPL190510C00197500,2019-04-05 3:52PM EDT,197.5,6.45,6.4,6.65,0.54,9.14%,164,206,28.72%,5/10/2019
AAPL190510C00200000,2019-04-05 3:59PM EDT,200,5.35,5.2,5.45,0.65,13.83%,288,945,28.33%,5/10/2019
AAPL190510C00202500,2019-04-05 12:21PM EDT,202.5,4.1,4.15,4.35,0.23,5.94%,9,112,27.75%,5/10/2019
AAPL190510C00205000,2019-04-05 3:56PM EDT,205,3.32,3.35,3.45,0.33,11.04%,194,807,27.41%,5/10/2019
AAPL190510C00207500,2019-04-05 3:56PM EDT,207.5,2.65,2.57,2.7,0.24,9.96%,22,113,27.12%,5/10/2019
AAPL190510C00210000,2019-04-05 2:33PM EDT,210,2.05,1.97,2.09,0.24,13.26%,50,223,26.93%,5/10/2019
AAPL190510C00215000,2019-04-05 3:57PM EDT,215,1.17,1.14,1.24,0.13,12.50%,55,186,26.89%,5/10/2019
AAPL190510C00217500,2019-04-05 1:37PM EDT,217.5,0.85,0.86,0.95,0.11,14.86%,16,22,26.97%,5/10/2019
AAPL190510C00220000,2019-04-05 12:41PM EDT,220,0.66,0.66,0.74,0.04,6.45%,3,23,27.22%,5/10/2019
AAPL190510C00230000,2019-04-05 1:19PM EDT,230,0.25,0.22,0.27,0.03,13.64%,4,217,28.37%,5/10/2019
AAPL190510C00235000,2019-04-05 1:08PM EDT,235,0.15,0.13,0.17,0,-,8,51,29.15%,5/10/2019
AAPL190510C00240000,2019-04-05 1:07PM EDT,240,0.09,0.08,0.12,0.02,28.57%,10,648,30.37%,5/10/2019
AAPL190517C00080000,2019-03-27 2:48PM EDT,80,108.64,116.65,117.8,0,-,0,4,120.61%,5/17/2019
AAPL190517C00090000,2019-03-21 1:56PM EDT,90,105.45,106.7,107.8,0,-,0,48,107.52%,5/17/2019
AAPL190517C00100000,2019-03-29 10:52AM EDT,100,88.95,96.7,97.85,0,-,1,1,95.51%,5/17/2019
AAPL190517C00110000,2019-03-21 1:42PM EDT,110,84.07,86.7,87.85,0,-,0,63,83.30%,5/17/2019
AAPL190517C00115000,2019-03-28 3:23PM EDT,115,77.9,81.7,82.85,0,-,2,16,77.64%,5/17/2019
AAPL190517C00120000,2019-04-02 3:18PM EDT,120,74.36,76.75,77.9,0,-,3,28,74.02%,5/17/2019
AAPL190517C00125000,2019-03-25 3:26PM EDT,125,63.18,71.75,72.9,0,-,1,2,68.65%,5/17/2019
AAPL190517C00130000,2019-03-25 1:18PM EDT,130,59.82,66.75,67.9,0,-,1,1,63.43%,5/17/2019
AAPL190517C00135000,2019-03-29 12:47PM EDT,135,54.93,61.8,62.95,0,-,6,12,59.81%,5/17/2019
AAPL190517C00140000,2019-04-05 12:17PM EDT,140,57.2,56.85,57.95,2.65,4.86%,4,370,55.42%,5/17/2019
AAPL190517C00145000,2019-03-29 1:28PM EDT,145,44.88,51.9,53,0,-,2,252,51.66%,5/17/2019
AAPL190517C00150000,2019-04-04 9:32AM EDT,150,46.12,46.95,48.05,0,-,3,495,55.98%,5/17/2019
AAPL190517C00155000,2019-04-02 2:10PM EDT,155,41.02,42,43.15,0,-,3,266,51.71%,5/17/2019
AAPL190517C00160000,2019-04-05 1:57PM EDT,160,37.24,37.1,38.25,0.43,1.17%,6,"1,232",47.33%,5/17/2019
AAPL190517C00165000,2019-04-05 1:58PM EDT,165,32.4,32.3,33.4,0.75,2.37%,8,"1,170",43.26%,5/17/2019
AAPL190517C00170000,2019-04-05 3:55PM EDT,170,28,27.9,28.2,1.15,4.28%,121,"3,510",36.13%,5/17/2019
AAPL190517C00175000,2019-04-05 3:58PM EDT,175,23.45,23.3,23.55,1.1,4.92%,44,"4,827",33.40%,5/17/2019
AAPL190517C00180000,2019-04-05 3:57PM EDT,180,19,18.9,19.1,1.1,6.15%,614,"7,000",31.12%,5/17/2019
AAPL190517C00185000,2019-04-05 3:37PM EDT,185,14.85,14.85,15,0.95,6.83%,389,"9,674",29.49%,5/17/2019
AAPL190517C00190000,2019-04-05 3:59PM EDT,190,11.25,11.15,11.35,0.85,8.17%,622,"15,144",28.31%,5/17/2019
AAPL190517C00195000,2019-04-05 3:58PM EDT,195,8.08,8.05,8.15,0.73,9.93%,"1,881","11,087",27.12%,5/17/2019
AAPL190517C00200000,2019-04-05 3:59PM EDT,200,5.6,5.45,5.6,0.6,12.00%,"2,481","17,321",26.37%,5/17/2019
AAPL190517C00205000,2019-04-05 3:57PM EDT,205,3.57,3.6,3.65,0.34,10.53%,673,"7,171",25.78%,5/17/2019
AAPL190517C00210000,2019-04-05 3:59PM EDT,210,2.25,2.21,2.29,0.27,13.64%,"1,525","9,417",25.51%,5/17/2019
AAPL190517C00215000,2019-04-05 3:59PM EDT,215,1.35,1.31,1.36,0.18,15.38%,848,"2,742",25.24%,5/17/2019
AAPL190517C00220000,2019-04-05 3:59PM EDT,220,0.8,0.77,0.84,0.1,14.29%,586,"6,420",25.64%,5/17/2019
AAPL190517C00225000,2019-04-05 3:50PM EDT,225,0.47,0.45,0.48,0.06,14.63%,408,"3,088",25.68%,5/17/2019
AAPL190517C00230000,2019-04-05 3:59PM EDT,230,0.3,0.28,0.3,0.05,20.00%,287,"8,115",26.32%,5/17/2019
AAPL190517C00235000,2019-04-05 3:07PM EDT,235,0.18,0.16,0.18,0.03,20.00%,140,"2,334",26.81%,5/17/2019
AAPL190517C00240000,2019-04-05 1:18PM EDT,240,0.11,0.09,0.11,0.02,22.22%,772,"4,027",27.34%,5/17/2019
AAPL190517C00245000,2019-04-05 2:37PM EDT,245,0.06,0.05,0.06,0.02,50.00%,"1,309","12,762",27.44%,5/17/2019
AAPL190517C00250000,2019-04-05 1:36PM EDT,250,0.02,0.02,0.03,0,-,220,"9,911",27.34%,5/17/2019
AAPL190517C00255000,2019-04-04 11:40AM EDT,255,0.02,0.01,0.02,0,-,24,"10,515",28.13%,5/17/2019
AAPL190517C00260000,2019-04-05 3:30PM EDT,260,0.01,0,0.01,0,-,183,"8,643",28.13%,5/17/2019
AAPL190517C00265000,2019-04-04 10:14AM EDT,265,0.01,0,0.01,0,-,10,"3,533",29.69%,5/17/2019
AAPL190517C00270000,2019-03-26 2:16PM EDT,270,0.01,0,0.01,0,-,10,121,31.64%,5/17/2019
AAPL190517C00275000,2019-03-26 9:42AM EDT,275,0.01,0,0.01,0,-,1,57,33.20%,5/17/2019
AAPL190517C00280000,2019-03-22 2:34PM EDT,280,0.01,0,0.01,0,-,141,142,34.77%,5/17/2019
AAPL190517C00285000,2019-03-22 12:55PM EDT,285,0.01,0,0.01,0,-,2,112,36.33%,5/17/2019
AAPL190517C00300000,2019-03-22 9:53AM EDT,300,0.01,0,0.01,0,-,10,10,40.63%,5/17/2019
AAPL190621C00080000,2019-02-13 10:34AM EDT,80,92.22,116.6,117.85,0,-,2,2,88.57%,6/21/2019
AAPL190621C00085000,2019-02-13 1:18PM EDT,85,85,111.65,112.85,0,-,0,0,84.18%,6/21/2019
AAPL190621C00090000,2019-04-05 2:57PM EDT,90,106.4,106.65,107.85,17.2,19.28%,5,12,78.91%,6/21/2019
AAPL190621C00095000,2019-02-12 1:23PM EDT,95,75.52,101.65,102.85,0,-,1,3,73.93%,6/21/2019
AAPL190621C00100000,2019-04-03 9:34AM EDT,100,94.23,96.65,97.85,0,-,6,555,69.14%,6/21/2019
AAPL190621C00105000,2019-02-01 11:02AM EDT,105,62.61,91.65,92.85,0,-,0,8,64.65%,6/21/2019
AAPL190621C00110000,2019-04-03 10:28AM EDT,110,86.19,86.7,87.9,0,-,2,27,61.96%,6/21/2019
AAPL190621C00115000,2019-03-27 11:56AM EDT,115,78.37,81.7,82.9,0,-,4,224,57.72%,6/21/2019
AAPL190621C00120000,2019-04-04 9:32AM EDT,120,76,76.7,77.95,0,-,1,352,54.35%,6/21/2019
AAPL190621C00125000,2019-04-04 9:32AM EDT,125,71,71.75,72.95,0,-,1,246,50.98%,6/21/2019
AAPL190621C00130000,2019-04-05 2:57PM EDT,130,66.6,66.75,67.6,0.6,0.91%,7,261,51.83%,6/21/2019
AAPL190621C00135000,2019-04-05 12:15PM EDT,135,62.14,61.8,63.05,6.39,11.46%,29,389,53.59%,6/21/2019
AAPL190621C00140000,2019-04-05 2:26PM EDT,140,57.74,56.85,58.1,1.54,2.74%,100,"1,632",49.84%,6/21/2019
AAPL190621C00145000,2019-04-05 3:56PM EDT,145,52.35,51.95,52.6,1.35,2.65%,54,"2,168",40.06%,6/21/2019
AAPL190621C00150000,2019-04-05 3:24PM EDT,150,47.35,47.05,47.7,1.28,2.78%,12,"10,759",37.55%,6/21/2019
AAPL190621C00155000,2019-04-05 3:49PM EDT,155,42.6,42.15,42.9,1.25,3.02%,12,"7,430",35.79%,6/21/2019
AAPL190621C00160000,2019-04-05 2:59PM EDT,160,37.9,37.35,37.95,1.61,4.44%,24,"12,489",32.41%,6/21/2019
AAPL190621C00165000,2019-04-05 3:37PM EDT,165,33.09,33,33.25,1.19,3.73%,37,"8,475",30.77%,6/21/2019
AAPL190621C00170000,2019-04-05 3:56PM EDT,170,28.6,28.4,28.65,1.24,4.53%,206,"14,263",29.19%,6/21/2019
AAPL190621C00175000,2019-04-05 3:59PM EDT,175,24.1,23.95,24.2,1.3,5.70%,163,"10,373",27.69%,6/21/2019
AAPL190621C00180000,2019-04-05 3:59PM EDT,180,20,19.8,20,1.15,6.10%,315,"15,467",26.48%,6/21/2019
AAPL190621C00185000,2019-04-05 3:55PM EDT,185,16.05,15.95,16.2,0.95,6.29%,557,"78,197",25.75%,6/21/2019
AAPL190621C00190000,2019-04-05 3:59PM EDT,190,12.65,12.6,12.7,0.95,8.12%,552,"14,144",24.87%,6/21/2019
AAPL190621C00195000,2019-04-05 3:59PM EDT,195,9.65,9.5,9.7,0.8,9.04%,"1,182","11,656",24.29%,6/21/2019
AAPL190621C00200000,2019-04-05 3:59PM EDT,200,7.09,7,7.15,0.54,8.24%,"1,581","20,798",23.71%,6/21/2019
AAPL190621C00205000,2019-04-05 3:59PM EDT,205,5.05,4.95,5.1,0.45,9.78%,345,"10,391",23.26%,6/21/2019
AAPL190621C00210000,2019-04-05 3:57PM EDT,210,3.48,3.45,3.5,0.37,11.90%,913,"11,227",22.85%,6/21/2019
AAPL190621C00215000,2019-04-05 3:59PM EDT,215,2.34,2.28,2.35,0.25,11.96%,465,"10,656",22.63%,6/21/2019
AAPL190621C00220000,2019-04-05 3:53PM EDT,220,1.53,1.5,1.55,0.14,10.07%,331,"11,844",22.56%,6/21/2019
AAPL190621C00225000,2019-04-05 3:59PM EDT,225,1,0.97,1.01,0.11,12.36%,321,"9,324",22.58%,6/21/2019
AAPL190621C00230000,2019-04-05 3:59PM EDT,230,0.65,0.63,0.67,0.06,10.17%,61,"9,039",22.83%,6/21/2019
AAPL190621C00235000,2019-04-05 3:26PM EDT,235,0.42,0.42,0.44,0.02,5.00%,318,"8,105",23.07%,6/21/2019
AAPL190621C00240000,2019-04-05 10:47AM EDT,240,0.27,0.27,0.29,0.01,3.85%,210,"11,390",23.37%,6/21/2019
AAPL190621C00245000,2019-04-04 3:46PM EDT,245,0.18,0.17,0.19,0,-,2,"5,025",23.63%,6/21/2019
AAPL190621C00250000,2019-04-05 2:11PM EDT,250,0.13,0.11,0.13,-0.01,-7.14%,30,"9,204",24.07%,6/21/2019
AAPL190621C00255000,2019-04-04 9:54AM EDT,255,0.08,0.07,0.09,0,-,317,"10,777",24.51%,6/21/2019
AAPL190621C00260000,2019-04-05 10:27AM EDT,260,0.06,0.04,0.06,0.01,20.00%,57,"9,059",24.81%,6/21/2019
AAPL190621C00265000,2019-04-05 10:59AM EDT,265,0.03,0.02,0.03,0,-,"2,377","4,752",24.41%,6/21/2019
AAPL190621C00270000,2019-04-05 12:28PM EDT,270,0.02,0.01,0.02,0,-,125,"2,455",24.61%,6/21/2019
AAPL190621C00275000,2019-04-05 10:22AM EDT,275,0.02,0.01,0.02,0,-,10,"4,787",25.98%,6/21/2019
AAPL190621C00280000,2019-04-05 10:49AM EDT,280,0.02,0,0.01,0,-,10,"2,481",25.78%,6/21/2019
AAPL190621C00285000,2019-04-05 11:02AM EDT,285,0.01,0,0.01,0,-,8,"2,838",26.56%,6/21/2019
AAPL190621C00290000,2019-03-29 10:57AM EDT,290,0.01,0,0.01,0,-,750,"10,142",27.74%,6/21/2019
AAPL190621C00295000,2019-03-29 10:40AM EDT,295,0.01,0,0.01,0,-,1,"2,961",28.91%,6/21/2019
AAPL190621C00300000,2019-04-03 3:42PM EDT,300,0.01,0,0.01,0,-,30,"5,268",30.08%,6/21/2019
AAPL190621C00310000,2019-03-26 9:44AM EDT,310,0.02,0,0.01,0,-,1,593,32.03%,6/21/2019
AAPL190621C00320000,2019-03-27 12:30PM EDT,320,0.01,0,0.01,0,-,40,433,34.38%,6/21/2019
AAPL190621C00330000,2019-03-26 10:35AM EDT,330,0.02,0,0.01,0,-,0,680,35.94%,6/21/2019
AAPL190621C00340000,2019-03-26 11:18AM EDT,340,0.01,0,0.01,0,-,1,"3,110",37.89%,6/21/2019
AAPL190719C00080000,2019-02-12 1:46PM EDT,80,90.54,116.6,117.85,0,-,4,4,75.68%,7/19/2019
AAPL190719C00085000,2019-02-01 11:02AM EDT,85,82.36,111.6,112.85,0,-,0,0,70.90%,7/19/2019
AAPL190719C00090000,2019-01-29 2:57PM EDT,90,66.35,106.65,107.85,0,-,1,4,67.48%,7/19/2019
AAPL190719C00095000,2019-03-11 12:52PM EDT,95,84.05,101.65,102.85,0,-,10,11,63.18%,7/19/2019
AAPL190719C00100000,2019-04-01 10:10AM EDT,100,89.3,96.65,97.85,0,-,2,59,59.08%,7/19/2019
AAPL190719C00105000,2019-02-07 10:53AM EDT,105,67.7,91.65,92.9,0,-,0,3,56.01%,7/19/2019
AAPL190719C00110000,2019-03-15 2:45PM EDT,110,77.62,86.7,87.9,0,-,3,9,52.98%,7/19/2019
AAPL190719C00115000,2019-04-03 9:36AM EDT,115,80,81.7,82.95,0,-,1,21,60.40%,7/19/2019
AAPL190719C00120000,2019-04-02 3:20PM EDT,120,72.6,76.75,77.95,0,-,4,297,56.30%,7/19/2019
AAPL190719C00125000,2019-03-28 3:56PM EDT,125,64.17,71.8,73,0,-,0,54,52.91%,7/19/2019
AAPL190719C00130000,2019-04-03 12:34PM EDT,130,66.4,66.85,68.05,0,-,2,752,49.56%,7/19/2019
AAPL190719C00135000,2019-04-05 1:00PM EDT,135,62.1,61.9,63.1,1.3,2.14%,1,315,46.28%,7/19/2019
AAPL190719C00140000,2019-04-05 2:23PM EDT,140,57.35,57,58.2,5.15,9.87%,1,"1,189",43.46%,7/19/2019
AAPL190719C00145000,2019-04-04 11:33AM EDT,145,51.5,52.1,53.3,0,-,3,501,40.60%,7/19/2019
AAPL190719C00150000,2019-04-05 3:58PM EDT,150,47.71,47.25,48.4,1.11,2.38%,2,"2,176",37.70%,7/19/2019
AAPL190719C00155000,2019-04-05 11:39AM EDT,155,42.48,42.45,43.6,1,2.41%,6,"1,467",35.38%,7/19/2019
AAPL190719C00160000,2019-04-05 11:41AM EDT,160,37.76,38.05,38.45,0.56,1.51%,3,"2,234",30.91%,7/19/2019
AAPL190719C00165000,2019-04-05 2:25PM EDT,165,33.45,33.5,33.85,1.05,3.24%,35,"2,148",29.49%,7/19/2019
AAPL190719C00170000,2019-04-05 3:56PM EDT,170,29.08,29.05,29.4,0.98,3.49%,123,"8,809",28.25%,7/19/2019
AAPL190719C00175000,2019-04-05 2:40PM EDT,175,24.77,24.8,25.1,1.07,4.51%,53,"8,193",27.01%,7/19/2019
AAPL190719C00180000,2019-04-05 2:40PM EDT,180,20.85,20.75,21,1.12,5.68%,90,"6,570",25.82%,7/19/2019
AAPL190719C00185000,2019-04-05 3:59PM EDT,185,17.25,17.05,17.4,0.9,5.50%,157,"7,477",25.36%,7/19/2019
AAPL190719C00190000,2019-04-05 3:59PM EDT,190,13.85,13.7,13.95,0.85,6.54%,518,"13,379",24.44%,7/19/2019
AAPL190719C00195000,2019-04-05 3:59PM EDT,195,10.9,10.8,10.95,0.78,7.71%,226,"3,751",23.77%,7/19/2019
AAPL190719C00200000,2019-04-05 3:59PM EDT,200,8.35,8.2,8.4,0.65,8.44%,432,"13,078",23.26%,7/19/2019
AAPL190719C00205000,2019-04-05 3:51PM EDT,205,6.11,6.1,6.3,0.46,8.14%,228,"11,995",22.87%,7/19/2019
AAPL190719C00210000,2019-04-05 3:56PM EDT,210,4.5,4.4,4.55,0.45,11.11%,423,"8,235",22.39%,7/19/2019
AAPL190719C00215000,2019-04-05 3:15PM EDT,215,3.09,3.1,3.25,0.17,5.82%,86,"4,311",22.16%,7/19/2019
AAPL190719C00220000,2019-04-05 3:59PM EDT,220,2.2,2.15,2.24,0.16,7.84%,687,"6,249",21.87%,7/19/2019
AAPL190719C00225000,2019-04-05 3:56PM EDT,225,1.48,1.46,1.55,0.07,4.96%,28,"3,942",21.82%,7/19/2019
AAPL190719C00230000,2019-04-05 3:59PM EDT,230,1.04,1.01,1.06,0.09,9.47%,183,"1,780",21.83%,7/19/2019
AAPL190719C00235000,2019-04-05 2:08PM EDT,235,0.7,0.7,0.74,0.08,12.90%,222,"1,256",22.02%,7/19/2019
AAPL190719C00240000,2019-04-05 3:58PM EDT,240,0.51,0.48,0.52,0.05,10.87%,67,"1,082",22.28%,7/19/2019
AAPL190719C00245000,2019-04-04 10:41AM EDT,245,0.31,0.34,0.37,0,-,80,309,22.58%,7/19/2019
AAPL190719C00250000,2019-04-05 3:55PM EDT,250,0.27,0.24,0.27,0.02,8.00%,17,954,23.00%,7/19/2019
AAPL190719C00255000,2019-04-05 3:43PM EDT,255,0.19,0.18,0.2,0.07,58.33%,6,300,23.44%,7/19/2019
AAPL190719C00260000,2019-04-05 3:43PM EDT,260,0.14,0.13,0.15,0.01,7.69%,45,331,23.88%,7/19/2019
AAPL190719C00265000,2019-04-04 1:18PM EDT,265,0.11,0.09,0.12,0,-,1,212,24.51%,7/19/2019
AAPL190719C00270000,2019-04-01 10:30AM EDT,270,0.05,0.07,0.09,0,-,40,156,24.90%,7/19/2019
AAPL190719C00275000,2019-04-05 9:57AM EDT,275,0.06,0.05,0.07,0.02,50.00%,20,456,25.34%,7/19/2019
AAPL190719C00280000,2019-04-04 11:16AM EDT,280,0.05,0.04,0.05,0,-,5,"1,325",25.59%,7/19/2019
AAPL190719C00285000,2019-04-05 12:50PM EDT,285,0.03,0.03,0.05,0,-,1,641,26.66%,7/19/2019
AAPL190719C00290000,2019-04-05 10:33AM EDT,290,0.03,0.02,0.04,0,-,10,652,27.15%,7/19/2019
AAPL190719C00295000,2019-03-29 3:12PM EDT,295,0.02,0.02,0.03,0,-,15,29,27.34%,7/19/2019
AAPL190719C00300000,2019-03-28 1:44PM EDT,300,0.02,0.01,0.02,-0.01,-33.33%,5,275,27.34%,7/19/2019
AAPL190816C00120000,2019-04-04 11:35AM EDT,120,76.13,76.85,78.05,0,-,5,6,51.00%,8/16/2019
AAPL190816C00125000,2019-04-05 1:43PM EDT,125,71.83,71.9,73.15,8.08,12.67%,11,11,48.36%,8/16/2019
AAPL190816C00130000,2019-03-22 9:57AM EDT,130,65.35,67,68.25,0,-,0,1,45.72%,8/16/2019
AAPL190816C00140000,2019-04-03 11:43AM EDT,140,57,57.3,58.5,0,-,3,5,40.69%,8/16/2019
AAPL190816C00145000,2019-03-25 2:32PM EDT,145,44.68,52.5,53.65,0,-,0,14,38.26%,8/16/2019
AAPL190816C00150000,2019-04-05 3:27PM EDT,150,48.2,48.1,48.5,1,2.12%,2,70,34.06%,8/16/2019
AAPL190816C00155000,2019-04-05 3:41PM EDT,155,43.53,43.45,43.8,1.43,3.40%,4,96,32.43%,8/16/2019
AAPL190816C00160000,2019-04-05 10:37AM EDT,160,38.45,38.85,39.2,1.26,3.39%,1,28,31.01%,8/16/2019
AAPL190816C00165000,2019-04-04 11:08AM EDT,165,33.73,34.4,34.75,0,-,20,52,29.82%,8/16/2019
AAPL190816C00170000,2019-04-04 3:30PM EDT,170,29.2,30.1,30.45,0,-,7,155,28.72%,8/16/2019
AAPL190816C00175000,2019-04-05 10:37AM EDT,175,25.66,26,26.35,0.91,3.68%,1,569,27.75%,8/16/2019
AAPL190816C00180000,2019-04-05 2:40PM EDT,180,22.18,22.15,22.5,0.68,3.16%,7,"2,214",26.92%,8/16/2019
AAPL190816C00185000,2019-04-05 3:59PM EDT,185,18.75,18.6,18.9,0.94,5.28%,14,595,26.11%,8/16/2019
AAPL190816C00190000,2019-04-05 3:46PM EDT,190,15.47,15.4,15.65,0.92,6.32%,28,"2,818",25.48%,8/16/2019
AAPL190816C00195000,2019-04-05 3:50PM EDT,195,12.6,12.5,12.75,0.95,8.15%,80,"1,020",24.95%,8/16/2019
AAPL190816C00200000,2019-04-05 3:53PM EDT,200,10,9.9,10.15,0.54,5.71%,97,"1,382",24.35%,8/16/2019
AAPL190816C00205000,2019-04-05 12:31PM EDT,205,7.78,7.75,7.95,0.28,3.73%,37,692,23.89%,8/16/2019
AAPL190816C00210000,2019-04-05 3:20PM EDT,210,6,5.95,6.1,0.35,6.19%,93,"1,522",23.46%,8/16/2019
AAPL190816C00215000,2019-04-05 3:55PM EDT,215,4.52,4.45,4.65,0.42,10.24%,111,"1,091",23.24%,8/16/2019
AAPL190816C00220000,2019-04-05 2:52PM EDT,220,3.35,3.3,3.45,0.17,5.35%,8,930,22.95%,8/16/2019
AAPL190816C00225000,2019-04-05 3:19PM EDT,225,2.46,2.41,2.52,0.26,11.82%,37,"1,946",22.72%,8/16/2019
AAPL190816C00230000,2019-04-05 2:08PM EDT,230,1.78,1.75,1.84,0.13,7.88%,7,549,22.63%,8/16/2019
AAPL190816C00235000,2019-04-05 3:24PM EDT,235,1.3,1.27,1.35,0.11,9.24%,11,80,22.66%,8/16/2019
AAPL190816C00240000,2019-04-05 3:59PM EDT,240,0.95,0.93,0.99,0.05,5.56%,35,127,22.75%,8/16/2019
AAPL190816C00250000,2019-04-05 1:32PM EDT,250,0.51,0.51,0.56,0.03,6.25%,11,64,23.24%,8/16/2019
AAPL190816C00260000,2019-04-04 9:42AM EDT,260,0.3,0.29,0.34,0,-,20,36,24.00%,8/16/2019
AAPL190920C00130000,2019-04-05 1:43PM EDT,130,67.11,66.9,68.5,9.26,16.01%,11,11,42.38%,9/20/2019
AAPL190920C00140000,2019-04-05 10:03AM EDT,140,57.65,57.25,58.85,0.45,0.79%,1,304,38.15%,9/20/2019
AAPL190920C00145000,2019-03-25 9:59AM EDT,145,44.8,52.5,54.05,0,-,0,6,36.05%,9/20/2019
AAPL190920C00150000,2019-03-26 2:28PM EDT,150,40.75,48.35,48.85,0,-,12,18,32.03%,9/20/2019
AAPL190920C00155000,2019-04-03 12:28PM EDT,155,43.3,43.75,44.25,0,-,1,8,30.78%,9/20/2019
AAPL190920C00160000,2019-04-04 3:45PM EDT,160,38.22,39.3,39.7,0,-,5,44,29.44%,9/20/2019
AAPL190920C00165000,2019-04-04 3:45PM EDT,165,33.94,34.9,35.35,0,-,4,172,28.46%,9/20/2019
AAPL190920C00170000,2019-04-05 2:17PM EDT,170,30.7,30.8,31,0.85,2.85%,8,154,27.10%,9/20/2019
AAPL190920C00175000,2019-04-05 11:54AM EDT,175,26.6,26.75,27.2,0.57,2.19%,1,37,26.81%,9/20/2019
AAPL190920C00180000,2019-04-05 1:46PM EDT,180,22.82,23.05,23.5,0.36,1.60%,32,341,26.20%,9/20/2019
AAPL190920C00185000,2019-04-05 3:18PM EDT,185,19.8,19.6,19.95,1.08,5.77%,14,353,25.42%,9/20/2019
AAPL190920C00190000,2019-04-05 3:45PM EDT,190,16.55,16.5,16.85,0.6,3.76%,545,"2,046",25.02%,9/20/2019
AAPL190920C00195000,2019-04-05 3:56PM EDT,195,13.71,13.6,13.9,0.76,5.87%,"1,260","1,335",24.36%,9/20/2019
AAPL190920C00200000,2019-04-05 3:58PM EDT,200,11.2,11.05,11.4,0.67,6.36%,331,"1,844",24.00%,9/20/2019
AAPL190920C00205000,2019-04-05 2:56PM EDT,205,8.89,8.85,9.15,0.38,4.47%,59,"1,089",23.53%,9/20/2019
AAPL190920C00210000,2019-04-05 3:58PM EDT,210,7.1,6.95,7.25,0.42,6.29%,66,"1,828",23.16%,9/20/2019
AAPL190920C00215000,2019-04-05 3:17PM EDT,215,5.45,5.45,5.65,0.25,4.81%,20,340,22.82%,9/20/2019
AAPL190920C00220000,2019-04-05 3:34PM EDT,220,4.23,4.2,4.3,0.3,7.63%,258,"3,475",22.43%,9/20/2019
AAPL190920C00225000,2019-04-05 3:55PM EDT,225,3.2,3.15,3.25,0.25,8.47%,"3,252","2,256",22.17%,9/20/2019
AAPL190920C00230000,2019-04-05 3:59PM EDT,230,2.44,2.36,2.53,0.17,7.49%,68,423,22.27%,9/20/2019
AAPL190920C00235000,2019-04-05 2:35PM EDT,235,1.81,1.79,1.89,0.04,2.26%,23,151,22.14%,9/20/2019
AAPL190920C00240000,2019-04-05 2:59PM EDT,240,1.36,1.35,1.4,0.11,8.80%,7,822,22.05%,9/20/2019
AAPL190920C00250000,2019-04-05 12:55PM EDT,250,0.78,0.75,0.83,0.03,4.00%,5,306,22.39%,9/20/2019
AAPL190920C00260000,2019-04-05 3:16PM EDT,260,0.48,0.42,0.53,0.03,6.67%,2,59,23.06%,9/20/2019
AAPL191018C00070000,2019-04-04 11:08AM EDT,70,126.15,126.4,128.05,0,-,2,1,62.79%,10/18/2019
AAPL191018C00100000,2019-03-20 12:37PM EDT,100,87,96.5,98.15,0,-,1,7,55.96%,10/18/2019
AAPL191018C00105000,2019-02-25 4:41PM EDT,105,70.65,91.55,93.15,0,-,0,1,52.44%,10/18/2019
AAPL191018C00110000,2019-03-01 1:00PM EDT,110,64.21,86.6,88.2,0,-,22,22,49.51%,10/18/2019
AAPL191018C00115000,2019-03-04 11:26AM EDT,115,63.45,81.65,83.25,0,-,1,0,46.68%,10/18/2019
AAPL191018C00120000,2019-03-25 9:37AM EDT,120,72.2,76.75,78.35,0,-,15,30,44.29%,10/18/2019
AAPL191018C00125000,2019-03-18 12:08AM EDT,125,58.65,71.9,73.45,0,-,30,30,41.90%,10/18/2019
AAPL191018C00130000,2019-03-18 12:08AM EDT,130,53.2,67.05,68.6,0,-,1,1,39.83%,10/18/2019
AAPL191018C00135000,2019-03-18 12:08AM EDT,135,48.55,62.2,63.8,0,-,0,1,37.98%,10/18/2019
AAPL191018C00140000,2019-04-01 3:54PM EDT,140,52.7,57.45,59.05,0,-,2,42,36.28%,10/18/2019
AAPL191018C00145000,2019-04-03 2:10PM EDT,145,51.8,53.25,53.75,0,-,1,54,31.96%,10/18/2019
AAPL191018C00150000,2019-04-02 2:39PM EDT,150,45.85,48.65,49.15,0,-,5,76,30.92%,10/18/2019
AAPL191018C00155000,2019-03-21 10:11AM EDT,155,41.22,44.15,44.65,0,-,1,31,29.96%,10/18/2019
AAPL191018C00160000,2019-04-05 9:39AM EDT,160,39.41,39.75,40.2,0.86,2.23%,1,155,28.86%,10/18/2019
AAPL191018C00165000,2019-04-05 3:30PM EDT,165,35.62,35.55,36,0.97,2.80%,13,253,28.18%,10/18/2019
AAPL191018C00170000,2019-04-05 2:16PM EDT,170,31.45,31.4,31.85,0.65,2.11%,8,340,27.23%,10/18/2019
AAPL191018C00175000,2019-04-05 3:46PM EDT,175,27.69,27.55,27.95,0.69,2.56%,19,626,26.51%,10/18/2019
AAPL191018C00180000,2019-04-05 2:02PM EDT,180,23.81,23.9,24.35,0.51,2.19%,69,"1,463",26.00%,10/18/2019
AAPL191018C00185000,2019-04-05 3:47PM EDT,185,20.55,20.6,20.95,1.03,5.28%,21,937,25.43%,10/18/2019
AAPL191018C00190000,2019-04-05 3:10PM EDT,190,17.4,17.45,17.85,0.55,3.26%,30,"1,235",24.97%,10/18/2019
AAPL191018C00195000,2019-04-05 3:53PM EDT,195,14.7,14.6,14.95,0.7,5.00%,667,"2,560",24.39%,10/18/2019
AAPL191018C00200000,2019-04-05 2:52PM EDT,200,12.21,12.1,12.4,0.56,4.81%,194,"2,848",23.95%,10/18/2019
AAPL191018C00205000,2019-04-05 3:57PM EDT,205,10,9.9,10.15,0.6,6.38%,86,"1,792",23.54%,10/18/2019
AAPL191018C00210000,2019-04-05 2:31PM EDT,210,8,8,8.2,0.41,5.40%,47,"3,074",23.17%,10/18/2019
AAPL191018C00215000,2019-04-05 10:23AM EDT,215,6.3,6.35,6.55,0.35,5.88%,48,"2,252",22.86%,10/18/2019
AAPL191018C00220000,2019-04-05 3:53PM EDT,220,5,4.9,5.15,0.25,5.26%,238,875,22.55%,10/18/2019
AAPL191018C00225000,2019-04-05 1:13PM EDT,225,3.8,3.85,4.05,0.12,3.26%,36,308,22.39%,10/18/2019
AAPL191018C00230000,2019-04-05 2:30PM EDT,230,3,2.95,3.15,0.17,6.01%,15,"1,040",22.25%,10/18/2019
AAPL191018C00235000,2019-04-05 3:28PM EDT,235,2.33,2.26,2.4,0.16,7.37%,24,303,22.04%,10/18/2019
AAPL191018C00240000,2019-04-05 3:59PM EDT,240,1.76,1.72,1.87,0.16,10.00%,32,240,22.07%,10/18/2019
AAPL191018C00245000,2019-04-03 10:27AM EDT,245,1.35,1.32,1.45,0,-,10,70,22.10%,10/18/2019
AAPL191018C00250000,2019-04-03 2:09PM EDT,250,0.97,1.01,1.13,0,-,15,731,22.19%,10/18/2019
AAPL191018C00255000,2019-04-05 1:05PM EDT,255,0.83,0.79,0.87,0.04,5.06%,1,297,22.24%,10/18/2019
AAPL191018C00260000,2019-04-05 11:48AM EDT,260,0.65,0.63,0.71,0.08,14.04%,62,71,22.56%,10/18/2019
AAPL191018C00265000,2019-04-04 3:40PM EDT,265,0.51,0.49,0.56,0,-,15,141,22.72%,10/18/2019
AAPL191018C00270000,2019-04-04 9:40AM EDT,270,0.41,0.39,0.45,0,-,20,145,22.95%,10/18/2019
AAPL191018C00275000,2019-04-04 9:42AM EDT,275,0.34,0.32,0.38,0,-,20,31,23.34%,10/18/2019
AAPL191018C00280000,2019-03-27 1:02PM EDT,280,0.26,0.24,0.32,0,-,2,2,23.72%,10/18/2019
AAPL191018C00285000,2019-04-04 3:12PM EDT,285,0.24,0.21,0.28,0,-,1,23,24.20%,10/18/2019
AAPL191018C00290000,2019-03-21 1:02PM EDT,290,0.27,0.12,0.24,0,-,0,13,24.59%,10/18/2019
AAPL191018C00295000,2019-04-05 12:28PM EDT,295,0.18,0.16,0.18,0.02,12.50%,1,36,24.51%,10/18/2019
AAPL191018C00300000,2019-04-05 3:47PM EDT,300,0.16,0.12,0.2,0,-,2,440,25.73%,10/18/2019
AAPL200117C00050000,2019-03-22 2:42PM EDT,50,143.1,146.15,148.2,0,-,1,32,65.63%,1/17/2020
AAPL200117C00055000,2019-02-08 11:36AM EDT,55,115.2,141.2,143.2,0,-,42,43,62.31%,1/17/2020
AAPL200117C00060000,2019-03-04 4:40PM EDT,60,119.1,136.2,138.2,0,-,1,11,58.20%,1/17/2020
AAPL200117C00065000,2019-02-07 3:24PM EDT,65,105.95,131.2,133.25,0,-,13,0,55.32%,1/17/2020
AAPL200117C00070000,2019-03-11 2:31PM EDT,70,109.03,126.25,128.25,0,-,1,39,52.59%,1/17/2020
AAPL200117C00075000,2019-02-07 3:20PM EDT,75,95.97,121.25,123.25,0,-,0,12,64.38%,1/17/2020
AAPL200117C00080000,2019-04-03 9:47AM EDT,80,115.2,116.25,118.2,0,-,10,"3,705",59.97%,1/17/2020
AAPL200117C00085000,2019-03-22 9:56AM EDT,85,109.4,111.35,113.05,0,-,100,134,54.88%,1/17/2020
AAPL200117C00090000,2019-04-04 3:02PM EDT,90,106.2,106.35,108,0,-,50,383,51.05%,1/17/2020
AAPL200117C00095000,2019-02-22 4:57PM EDT,95,78.46,101.4,103.1,0,-,1,445,48.80%,1/17/2020
AAPL200117C00100000,2019-04-05 3:01PM EDT,100,97,97.2,98.1,1.01,1.05%,1,"7,407",45.78%,1/17/2020
AAPL200117C00105000,2019-03-12 10:29AM EDT,105,77.52,91.5,93.15,0,-,154,272,43.29%,1/17/2020
AAPL200117C00110000,2019-04-03 9:54AM EDT,110,85.05,86.6,88.55,0,-,1,905,43.20%,1/17/2020
AAPL200117C00115000,2019-04-03 10:11AM EDT,115,80.9,81.75,83.4,0,-,1,"1,017",39.49%,1/17/2020
AAPL200117C00120000,2019-04-05 11:58AM EDT,120,77.35,76.95,78.35,3.35,4.53%,1,"2,802",36.55%,1/17/2020
AAPL200117C00125000,2019-04-05 11:14AM EDT,125,72.5,72.2,73.75,1.1,1.54%,5,"2,359",36.16%,1/17/2020
AAPL200117C00130000,2019-04-05 12:08PM EDT,130,68,67.4,68.7,1.02,1.52%,8,"3,229",33.36%,1/17/2020
AAPL200117C00135000,2019-04-04 3:52PM EDT,135,62.1,63.4,64,0,-,35,"1,480",32.21%,1/17/2020
AAPL200117C00140000,2019-04-05 3:51PM EDT,140,58.92,58.85,59.1,0.85,1.46%,31,"8,180",30.14%,1/17/2020
AAPL200117C00145000,2019-04-05 3:43PM EDT,145,54.5,54.35,54.9,1.45,2.73%,20,"4,720",30.46%,1/17/2020
AAPL200117C00150000,2019-04-05 3:54PM EDT,150,50.1,49.95,50.45,1.2,2.45%,148,"31,515",29.56%,1/17/2020
AAPL200117C00155000,2019-04-05 3:58PM EDT,155,45.85,45.7,46,1.17,2.62%,188,"12,996",28.44%,1/17/2020
AAPL200117C00160000,2019-04-05 3:53PM EDT,160,41.7,41.5,42.05,1.2,2.96%,130,"23,137",28.30%,1/17/2020
AAPL200117C00165000,2019-04-05 12:06PM EDT,165,37.55,37.55,37.85,0.9,2.46%,30,"8,406",27.27%,1/17/2020
AAPL200117C00170000,2019-04-05 3:56PM EDT,170,33.89,33.75,34.2,1.04,3.17%,"1,245","28,354",27.08%,1/17/2020
AAPL200117C00175000,2019-04-05 3:59PM EDT,175,30.28,30.15,30.5,1.03,3.52%,103,"28,427",26.45%,1/17/2020
AAPL200117C00180000,2019-04-05 3:54PM EDT,180,26.9,26.75,27.1,0.75,2.87%,347,"21,194",26.03%,1/17/2020
AAPL200117C00185000,2019-04-05 3:11PM EDT,185,23.7,23.55,23.95,0.61,2.64%,39,"13,857",25.69%,1/17/2020
AAPL200117C00190000,2019-04-05 3:58PM EDT,190,20.6,20.6,20.9,0.67,3.36%,148,"19,090",25.17%,1/17/2020
AAPL200117C00195000,2019-04-05 3:52PM EDT,195,18.04,17.85,18.35,0.6,3.44%,52,"13,751",25.08%,1/17/2020
AAPL200117C00200000,2019-04-05 3:59PM EDT,200,15.6,15.45,15.7,0.8,5.41%,997,"58,306",24.52%,1/17/2020
AAPL200117C00205000,2019-04-05 3:35PM EDT,205,13.3,13.25,13.4,0.75,5.98%,103,"11,386",24.13%,1/17/2020
AAPL200117C00210000,2019-04-05 3:33PM EDT,210,11.25,11.25,11.4,0.57,5.34%,"4,324","23,814",23.87%,1/17/2020
AAPL200117C00215000,2019-04-05 3:52PM EDT,215,9.48,9.4,9.7,0.48,5.33%,233,"6,400",23.73%,1/17/2020
AAPL200117C00220000,2019-04-05 3:51PM EDT,220,7.9,7.85,8,0.55,7.48%,78,"24,588",23.28%,1/17/2020
AAPL200117C00225000,2019-04-05 3:57PM EDT,225,6.6,6.5,6.7,0.38,6.11%,589,"19,089",23.14%,1/17/2020
AAPL200117C00230000,2019-04-05 3:32PM EDT,230,5.42,5.35,5.45,0.35,6.90%,274,"11,790",22.79%,1/17/2020
AAPL200117C00235000,2019-04-05 3:33PM EDT,235,4.4,4.3,4.55,0.3,7.32%,345,"4,572",22.78%,1/17/2020
AAPL200117C00240000,2019-04-05 3:38PM EDT,240,3.6,3.55,3.7,0.35,10.77%,134,"7,444",22.59%,1/17/2020
AAPL200117C00245000,2019-04-05 2:59PM EDT,245,2.89,2.9,3.05,0.15,5.47%,4,"2,195",22.56%,1/17/2020
AAPL200117C00250000,2019-04-05 3:19PM EDT,250,2.38,2.35,2.4,0.16,7.21%,52,"9,644",22.25%,1/17/2020
AAPL200117C00255000,2019-04-05 10:44AM EDT,255,1.85,1.86,2.02,-0.04,-2.12%,12,"2,036",22.43%,1/17/2020
AAPL200117C00260000,2019-04-05 3:21PM EDT,260,1.6,1.52,1.69,0.12,8.11%,1,"3,560",22.55%,1/17/2020
AAPL200117C00270000,2019-04-05 3:19PM EDT,270,1.08,1.04,1.1,0.08,8.00%,32,"5,663",22.46%,1/17/2020
AAPL200117C00280000,2019-04-05 3:27PM EDT,280,0.74,0.72,0.82,0.04,5.71%,64,"7,483",23.02%,1/17/2020
AAPL200117C00290000,2019-04-05 12:23PM EDT,290,0.55,0.5,0.57,0.02,3.77%,83,"7,544",23.23%,1/17/2020
AAPL200117C00300000,2019-04-05 3:07PM EDT,300,0.42,0.4,0.47,0.02,5.00%,121,"11,295",24.07%,1/17/2020
AAPL200117C00310000,2019-04-03 2:45PM EDT,310,0.26,0.26,0.35,0,-,2,"1,981",24.45%,1/17/2020
AAPL200117C00320000,2019-04-04 2:29PM EDT,320,0.26,0.19,0.26,0,-,1,"1,463",24.78%,1/17/2020
AAPL200117C00330000,2019-04-04 3:43PM EDT,330,0.19,0.15,0.23,0,-,52,"1,810",25.66%,1/17/2020
AAPL200117C00340000,2019-04-05 10:17AM EDT,340,0.17,0.13,0.2,0.02,13.33%,2,"4,029",26.42%,1/17/2020
AAPL200619C00075000,2019-01-30 11:07AM EDT,75,86.25,121.05,123.15,0,-,10,2,51.03%,6/19/2020
AAPL200619C00080000,2019-03-18 11:17AM EDT,80,108.2,116.1,118.4,0,-,0,"1,054",49.85%,6/19/2020
AAPL200619C00085000,2019-03-27 3:58PM EDT,85,104,111.1,113.4,0,-,0,119,46.84%,6/19/2020
AAPL200619C00090000,2019-04-04 2:56PM EDT,90,106.22,106.15,108.2,0,-,26,281,42.63%,6/19/2020
AAPL200619C00095000,2019-02-07 1:48PM EDT,95,76.72,101.2,103.35,0,-,4,128,41.00%,6/19/2020
AAPL200619C00100000,2019-04-03 1:41PM EDT,100,96,96.3,98.45,0,-,1,"1,306",39.06%,6/19/2020
AAPL200619C00105000,2019-04-04 10:44AM EDT,105,90.8,91.5,93.55,0,-,1,175,37.17%,6/19/2020
AAPL200619C00110000,2019-04-05 10:34AM EDT,110,87.38,86.7,88.65,1.38,1.60%,3,148,35.30%,6/19/2020
AAPL200619C00115000,2019-03-13 3:55PM EDT,115,68.75,81.95,83.9,0,-,20,257,34.14%,6/19/2020
AAPL200619C00120000,2019-03-29 3:25PM EDT,120,71.19,78.1,78.85,0,-,6,"1,460",31.69%,6/19/2020
AAPL200619C00125000,2019-04-05 10:56AM EDT,125,73.4,73.6,74.25,1.85,2.59%,8,406,31.04%,6/19/2020
AAPL200619C00130000,2019-04-03 2:47PM EDT,130,67.6,69.05,69.8,0,-,3,"1,187",30.66%,6/19/2020
AAPL200619C00135000,2019-04-05 10:34AM EDT,135,64.6,64.65,65.4,2.45,3.94%,4,"1,009",30.17%,6/19/2020
AAPL200619C00140000,2019-04-05 11:11AM EDT,140,60.09,60.35,61.1,0.31,0.52%,10,"1,486",29.71%,6/19/2020
AAPL200619C00145000,2019-04-05 2:34PM EDT,145,56.17,56.25,56.9,4.17,8.02%,14,989,29.24%,6/19/2020
AAPL200619C00150000,2019-04-05 12:29PM EDT,150,52.35,52.15,52.8,1.25,2.45%,10,"1,365",28.76%,6/19/2020
AAPL200619C00155000,2019-04-05 3:38PM EDT,155,48.38,48.15,48.8,0.98,2.07%,4,"1,410",28.26%,6/19/2020
AAPL200619C00160000,2019-04-05 3:38PM EDT,160,44.58,44.35,44.9,1.08,2.48%,4,"2,582",27.72%,6/19/2020
AAPL200619C00165000,2019-04-03 3:52PM EDT,165,40.26,40.65,41.3,0.91,2.31%,9,"1,565",27.45%,6/19/2020
AAPL200619C00170000,2019-04-05 3:59PM EDT,170,37.32,37.15,37.5,0.84,2.30%,41,"2,370",26.67%,6/19/2020
AAPL200619C00175000,2019-04-05 3:58PM EDT,175,34.05,33.8,34.35,1.29,3.94%,91,"2,963",26.61%,6/19/2020
AAPL200619C00180000,2019-04-05 3:53PM EDT,180,30.8,30.6,31.15,0.85,2.84%,41,"3,092",26.25%,6/19/2020
AAPL200619C00185000,2019-04-05 2:53PM EDT,185,27.78,27.65,28.25,0.83,3.08%,4,"2,706",26.05%,6/19/2020
AAPL200619C00190000,2019-04-05 3:57PM EDT,190,24.85,24.85,25.4,0.5,2.05%,30,"3,304",25.70%,6/19/2020
AAPL200619C00195000,2019-04-05 3:42PM EDT,195,22.43,22.2,22.8,0.65,2.98%,368,"2,407",25.45%,6/19/2020
AAPL200619C00200000,2019-04-05 3:32PM EDT,200,19.96,19.8,20.25,0.72,3.74%,40,"7,086",25.05%,6/19/2020
AAPL200619C00205000,2019-04-05 2:07PM EDT,205,17.7,17.55,18,0.52,3.03%,6,826,24.79%,6/19/2020
AAPL200619C00210000,2019-04-05 3:57PM EDT,210,15.55,15.55,15.95,0.7,4.71%,41,"2,631",24.57%,6/19/2020
AAPL200619C00215000,2019-04-05 3:45PM EDT,215,13.83,13.65,14.05,0.53,3.98%,7,"1,942",24.33%,6/19/2020
AAPL200619C00220000,2019-04-05 3:10PM EDT,220,12.15,11.95,12.35,0.55,4.74%,76,"4,141",24.13%,6/19/2020
AAPL200619C00225000,2019-04-05 3:15PM EDT,225,10.5,10.45,10.85,0.5,5.00%,65,"2,095",23.99%,6/19/2020
AAPL200619C00230000,2019-04-05 3:20PM EDT,230,9.29,9.05,9.5,0.59,6.78%,5,"1,496",23.85%,6/19/2020
AAPL200619C00235000,2019-04-05 3:26PM EDT,235,7.97,7.85,8.25,0.39,5.15%,1,"1,494",23.67%,6/19/2020
AAPL200619C00240000,2019-04-04 10:21AM EDT,240,6.55,6.8,7.2,0,-,10,"1,579",23.59%,6/19/2020
AAPL200619C00245000,2019-04-05 3:12PM EDT,245,6,5.9,6.25,0.2,3.45%,55,"1,179",23.48%,6/19/2020
AAPL200619C00250000,2019-04-05 3:35PM EDT,250,5.15,5.05,5.4,0.3,6.19%,12,"3,951",23.37%,6/19/2020
AAPL200619C00260000,2019-04-03 1:41PM EDT,260,3.65,3.7,4.05,0,-,106,"1,135",23.25%,6/19/2020
AAPL200619C00270000,2019-04-03 3:12PM EDT,270,2.62,2.73,3.05,0,-,15,934,23.23%,6/19/2020
AAPL200619C00280000,2019-04-05 12:37PM EDT,280,2.12,2.02,2.27,0.11,5.47%,8,815,23.18%,6/19/2020
AAPL200619C00290000,2019-04-05 12:37PM EDT,290,1.62,1.41,1.71,0.14,9.46%,8,871,23.22%,6/19/2020
AAPL200619C00300000,2019-04-04 12:55PM EDT,300,1.15,1.01,1.37,0,-,238,"7,591",23.57%,6/19/2020
AAPL200619C00310000,2019-04-05 11:48AM EDT,310,0.93,0.76,1.05,0.02,2.20%,9,"1,728",23.68%,6/19/2020
AAPL200619C00320000,2019-04-04 9:59AM EDT,320,0.72,0.53,0.82,0,-,17,720,23.87%,6/19/2020
AAPL200619C00330000,2019-04-04 3:18PM EDT,330,0.57,0.39,0.62,0,-,1,852,23.91%,6/19/2020
AAPL200619C00340000,2019-04-02 9:30AM EDT,340,0.41,0.27,0.68,0,-,2,"1,416",25.38%,6/19/2020
AAPL200918C00100000,2019-03-19 11:57AM EDT,100,89,96.2,98.75,0,-,5,5,37.06%,9/18/2020
AAPL200918C00140000,2019-03-18 3:53PM EDT,140,54,61.25,62.1,0,-,1,1,29.15%,9/18/2020
AAPL200918C00150000,2019-04-04 10:17AM EDT,150,52.6,53.25,54.1,0,-,1,3,28.42%,9/18/2020
AAPL200918C00155000,2019-04-04 11:14AM EDT,155,48.8,49.5,50.3,0,-,3,24,28.10%,9/18/2020
AAPL200918C00160000,2019-04-05 10:36AM EDT,160,45.7,45.8,46.6,1.8,4.10%,2,7,27.72%,9/18/2020
AAPL200918C00165000,2019-04-01 11:34AM EDT,165,37.1,42.3,43.1,0,-,1,4,27.44%,9/18/2020
AAPL200918C00170000,2019-03-26 11:55AM EDT,170,35.1,38.9,39.75,0,-,3,8,27.17%,9/18/2020
AAPL200918C00175000,2019-04-01 11:30AM EDT,175,31.1,35.7,36.5,0,-,1,77,26.84%,9/18/2020
AAPL200918C00180000,2019-04-02 9:57AM EDT,180,29.48,32.65,34.1,0,-,1,39,27.33%,9/18/2020
AAPL200918C00185000,2019-04-03 1:01PM EDT,185,29,29.75,30.35,0,-,2,96,26.07%,9/18/2020
AAPL200918C00190000,2019-04-04 3:14PM EDT,190,26.47,27.05,27.75,0,-,12,73,25.97%,9/18/2020
AAPL200918C00195000,2019-04-05 3:05PM EDT,195,24.73,24.5,25.15,2.2,9.76%,401,10,25.68%,9/18/2020
AAPL200918C00200000,2019-04-04 2:59PM EDT,200,21.9,22.1,22.6,0.29,1.34%,1,51,25.29%,9/18/2020
AAPL200918C00205000,2019-04-05 10:04AM EDT,205,19.94,19.9,20.6,0.49,2.52%,10,27,25.31%,9/18/2020
AAPL200918C00210000,2019-04-03 3:36PM EDT,210,17,17.85,19.1,0,-,1,16,25.70%,9/18/2020
AAPL200918C00215000,2019-04-03 12:09PM EDT,215,15.68,15.95,17.15,-0.08,-0.51%,1,27,25.46%,9/18/2020
AAPL200918C00220000,2019-04-05 11:15AM EDT,220,14.1,14.25,14.8,0.05,0.36%,2,82,24.63%,9/18/2020
AAPL200918C00225000,2019-04-05 12:33PM EDT,225,12.74,12.65,13.9,0.44,3.58%,3,90,25.23%,9/18/2020
AAPL200918C00230000,2019-04-02 1:48PM EDT,230,10.05,11.2,11.55,0,-,2,12,24.08%,9/18/2020
AAPL200918C00235000,2019-03-27 9:32AM EDT,235,7.43,9.9,10.25,0,-,0,110,23.94%,9/18/2020
AAPL200918C00240000,2019-04-01 3:31PM EDT,240,7.17,8.75,9.1,0,-,2,32,23.85%,9/18/2020
AAPL200918C00250000,2019-04-05 12:44PM EDT,250,6.85,6.6,7.35,0.1,1.48%,1,23,23.97%,9/18/2020
AAPL200918C00270000,2019-04-05 3:51PM EDT,270,4.15,3.95,4.4,0.95,29.69%,1,19,23.58%,9/18/2020
AAPL200918C00280000,2019-04-03 1:08PM EDT,280,2.97,3,3.4,0,-,10,12,23.47%,9/18/2020
AAPL200918C00290000,2019-04-05 3:53PM EDT,290,2.5,2.31,2.66,0.2,8.70%,1,11,23.47%,9/18/2020
AAPL210115C00075000,2019-03-25 1:36PM EDT,75,113.5,120.85,123.45,0,-,1,176,43.96%,1/15/2021
AAPL210115C00080000,2019-03-26 12:55PM EDT,80,110.8,115.85,118.45,0,-,5,95,41.29%,1/15/2021
AAPL210115C00085000,2019-02-15 2:49PM EDT,85,86.34,110.8,113.65,0,-,0,181,39.88%,1/15/2021
AAPL210115C00090000,2019-04-04 9:40AM EDT,90,106.1,106,108.55,0,-,1,661,36.96%,1/15/2021
AAPL210115C00095000,2019-03-06 12:29PM EDT,95,96.1,101.1,103.5,0,-,1,199,34.47%,1/15/2021
AAPL210115C00100000,2019-04-05 2:17PM EDT,100,97.3,96.35,97.85,8.3,9.33%,3,"2,480",28.82%,1/15/2021
AAPL210115C00105000,2019-04-03 3:26PM EDT,105,90.79,91.65,94,0,-,1,778,32.40%,1/15/2021
AAPL210115C00110000,2019-04-05 10:01AM EDT,110,88,88,88.6,1.4,1.62%,1,704,28.82%,1/15/2021
AAPL210115C00115000,2019-03-25 12:59PM EDT,115,77,83.55,84.4,0,-,4,265,29.76%,1/15/2021
AAPL210115C00120000,2019-04-05 12:21PM EDT,120,79.25,79.15,79.55,1.63,2.10%,92,"1,279",28.27%,1/15/2021
AAPL210115C00125000,2019-04-01 12:13PM EDT,125,68.86,74.85,77.5,0,-,8,883,33.34%,1/15/2021
AAPL210115C00130000,2019-04-05 10:26AM EDT,130,70.47,70.6,71.45,0.57,0.82%,2,"1,307",29.03%,1/15/2021
AAPL210115C00135000,2019-04-05 2:13PM EDT,135,66.7,66.5,67.3,0.6,0.91%,2,831,28.71%,1/15/2021
AAPL210115C00140000,2019-04-05 11:33AM EDT,140,62.11,62.45,63.4,1.11,1.82%,3,"2,844",28.65%,1/15/2021
AAPL210115C00145000,2019-04-05 3:27PM EDT,145,58.75,58.55,61.4,1.07,1.86%,24,"8,764",31.27%,1/15/2021
AAPL210115C00150000,2019-04-05 3:49PM EDT,150,55.15,54.8,55.65,0.95,1.75%,48,"23,251",27.99%,1/15/2021
AAPL210115C00155000,2019-04-04 1:33PM EDT,155,50,51.2,51.7,0,-,8,"2,747",27.32%,1/15/2021
AAPL210115C00160000,2019-04-05 3:51PM EDT,160,48,47.65,48.5,1.3,2.78%,16,"3,612",27.49%,1/15/2021
AAPL210115C00165000,2019-04-04 11:57AM EDT,165,43.7,44.5,46,0,-,105,"1,831",28.28%,1/15/2021
AAPL210115C00170000,2019-04-05 10:09AM EDT,170,41.45,41.05,41.9,0.95,2.35%,1,"5,861",27.01%,1/15/2021
AAPL210115C00175000,2019-04-05 11:47AM EDT,175,37.89,37.95,38.8,0.4,1.07%,14,"2,205",26.77%,1/15/2021
AAPL210115C00180000,2019-04-05 12:25PM EDT,180,35.2,35.05,35.5,1,2.92%,17,"6,854",26.16%,1/15/2021
AAPL210115C00185000,2019-04-05 3:21PM EDT,185,32.52,32.3,32.9,0.91,2.88%,20,"2,821",26.15%,1/15/2021
AAPL210115C00190000,2019-04-05 3:21PM EDT,190,29.86,29.65,30,0.76,2.61%,17,"7,918",25.69%,1/15/2021
AAPL210115C00195000,2019-04-05 3:49PM EDT,195,27.55,27.15,27.8,0.75,2.80%,8,"1,511",25.79%,1/15/2021
AAPL210115C00200000,2019-04-05 2:16PM EDT,200,25.04,24.85,25.35,0.84,3.47%,107,"8,555",25.49%,1/15/2021
AAPL210115C00205000,2019-04-05 3:56PM EDT,205,22.95,22.65,23.35,0.95,4.32%,14,"1,785",25.50%,1/15/2021
AAPL210115C00210000,2019-04-05 3:48PM EDT,210,20.97,20.55,21,0.87,4.33%,26,"2,435",25.04%,1/15/2021
AAPL210115C00215000,2019-04-05 12:07PM EDT,215,18.88,18.75,19.35,0.6,3.28%,37,896,25.12%,1/15/2021
AAPL210115C00220000,2019-04-05 3:45PM EDT,220,17.17,17,17.5,0.62,3.75%,401,"3,984",24.89%,1/15/2021
AAPL210115C00225000,2019-04-05 1:22PM EDT,225,15.4,15.35,16.15,0.45,3.01%,10,"1,970",25.02%,1/15/2021
AAPL210115C00230000,2019-04-05 3:20PM EDT,230,14.01,13.8,14.1,0.46,3.39%,21,"2,923",24.35%,1/15/2021
AAPL210115C00235000,2019-04-05 3:17PM EDT,235,12.55,12.4,12.9,0.43,3.55%,45,892,24.40%,1/15/2021
AAPL210115C00240000,2019-04-05 3:26PM EDT,240,11.4,11.15,11.55,0.55,5.07%,145,"1,631",24.20%,1/15/2021
AAPL210115C00245000,2019-04-05 3:24PM EDT,245,10.31,10.05,10.45,0.56,5.74%,110,358,24.14%,1/15/2021
AAPL210115C00250000,2019-04-05 3:25PM EDT,250,9.1,8.95,9.45,0.4,4.60%,49,"3,450",24.10%,1/15/2021
AAPL210115C00255000,2019-04-05 3:25PM EDT,255,8.17,8,10.5,1.57,23.79%,22,312,26.30%,1/15/2021
AAPL210115C00260000,2019-04-05 1:12PM EDT,260,7.3,7.15,8,0.35,5.04%,115,"1,831",24.38%,1/15/2021
AAPL210115C00265000,2019-04-02 3:38PM EDT,265,6,6.4,6.85,0,-,1,369,23.86%,1/15/2021
AAPL210115C00270000,2019-04-05 10:01AM EDT,270,5.8,5.7,7.25,1.2,26.09%,1,417,25.25%,1/15/2021
AAPL210115C00280000,2019-04-02 9:43AM EDT,280,3.94,4.55,6.05,0,-,10,875,25.30%,1/15/2021
AAPL210115C00290000,2019-04-04 12:12PM EDT,290,3.5,3.6,5.1,0,-,1,519,25.43%,1/15/2021
AAPL210115C00300000,2019-04-05 11:48AM EDT,300,3,2.9,4.35,0.2,7.14%,10,"2,462",25.63%,1/15/2021
AAPL210115C00310000,2019-03-26 3:30PM EDT,310,1.65,2.27,3.8,0,-,0,332,25.98%,1/15/2021
AAPL210115C00320000,2019-04-05 10:41AM EDT,320,1.85,1.8,3.35,0.1,5.71%,2,252,26.35%,1/15/2021
AAPL210115C00330000,2019-04-02 12:38PM EDT,330,1.42,1.29,1.79,0,-,10,"1,530",23.88%,1/15/2021
AAPL210115C00340000,2019-04-04 11:52AM EDT,340,1.28,1.16,1.51,0,-,30,521,24.07%,1/15/2021
AAPL210115C00350000,2019-04-04 3:10PM EDT,350,1.05,0.81,1.29,0,-,50,"2,223",24.29%,1/15/2021
AAPL210115C00360000,2019-04-04 11:32AM EDT,360,0.87,0.71,1.09,0,-,10,276,24.45%,1/15/2021
AAPL210115C00370000,2019-04-05 9:50AM EDT,370,0.75,0.72,0.88,0.02,2.74%,10,"1,189",24.41%,1/15/2021
AAPL210115C00380000,2019-04-05 2:34PM EDT,380,0.65,0.62,0.74,-0.05,-7.14%,16,"4,942",24.54%,1/15/2021
AAPL210618C00075000,2019-04-01 3:21PM EDT,75,116.5,119.55,124.5,0,-,1,24,44.59%,6/18/2021
AAPL210618C00080000,2019-04-03 3:15PM EDT,80,115,114.55,119.5,0,-,11,25,41.92%,6/18/2021
AAPL210618C00085000,2019-04-03 10:40AM EDT,85,111.55,109.55,114.5,0,-,1,5,39.42%,6/18/2021
AAPL210618C00090000,2019-04-03 9:46AM EDT,90,105,104.55,109.5,0,-,2,12,37.08%,6/18/2021
AAPL210618C00095000,2019-02-19 3:45PM EDT,95,78.91,100,104.5,0,-,2,40,34.86%,6/18/2021
AAPL210618C00100000,2019-04-04 11:36AM EDT,100,96.55,95.05,100,0,-,2,222,34.33%,6/18/2021
AAPL210618C00105000,2019-03-26 10:07AM EDT,105,89.08,90.55,95.5,0,-,1,17,33.64%,6/18/2021
AAPL210618C00110000,2019-04-02 2:22PM EDT,110,85.1,86.05,91,0,-,1,34,32.84%,6/18/2021
AAPL210618C00115000,2019-03-21 12:23PM EDT,115,82.99,82,86.5,0,-,15,56,31.94%,6/18/2021
AAPL210618C00120000,2019-03-26 12:57PM EDT,120,74.2,77.6,82.5,0,-,0,190,31.97%,6/18/2021
AAPL210618C00125000,2019-03-28 3:33PM EDT,125,68,74.6,78,0,-,0,281,30.88%,6/18/2021
AAPL210618C00130000,2019-04-03 12:32PM EDT,130,71,71.6,73.95,0,-,1,483,30.51%,6/18/2021
AAPL210618C00135000,2019-04-05 2:10PM EDT,135,68.1,67.65,70.5,1,1.49%,1,100,30.90%,6/18/2021
AAPL210618C00140000,2019-04-03 9:30AM EDT,140,62.4,64.2,66,0,-,1,144,29.58%,6/18/2021
AAPL210618C00145000,2019-04-04 10:22AM EDT,145,58.5,58,62.45,0,-,1,31,29.50%,6/18/2021
AAPL210618C00150000,2019-04-05 2:39PM EDT,150,59,55,58.8,2.9,5.17%,1,452,29.13%,6/18/2021
AAPL210618C00155000,2019-04-05 2:31PM EDT,155,53.83,52.15,55.45,1.38,2.63%,16,280,29.00%,6/18/2021
AAPL210618C00160000,2019-04-05 1:38PM EDT,160,50.1,49.45,51,0.88,1.79%,281,641,27.51%,6/18/2021
AAPL210618C00165000,2019-04-04 3:16PM EDT,165,46.2,44.95,47.75,0,-,10,168,27.28%,6/18/2021
AAPL210618C00170000,2019-04-05 11:49AM EDT,170,43.91,43.9,46.5,1.23,2.88%,38,364,28.93%,6/18/2021
AAPL210618C00175000,2019-04-04 2:04PM EDT,175,40,39.7,41.7,0,-,23,585,26.88%,6/18/2021
AAPL210618C00180000,2019-04-05 3:11PM EDT,180,38.4,36.2,38.75,1.38,3.73%,106,708,26.58%,6/18/2021
AAPL210618C00185000,2019-04-05 3:45PM EDT,185,34.88,33.55,36.2,0.38,1.10%,4,372,26.53%,6/18/2021
AAPL210618C00190000,2019-04-05 12:29PM EDT,190,32.67,31.55,34.2,0.67,2.09%,1,419,26.85%,6/18/2021
AAPL210618C00195000,2019-04-04 2:56PM EDT,195,30.35,29.6,31,0,-,8,202,25.99%,6/18/2021
AAPL210618C00200000,2019-04-05 2:35PM EDT,200,28.2,27.8,28.4,0.7,2.55%,5,"1,476",25.56%,6/18/2021
AAPL210618C00205000,2019-04-05 3:14PM EDT,205,25.85,24.05,26.7,0.42,1.65%,203,930,25.80%,6/18/2021
AAPL210618C00210000,2019-04-05 2:35PM EDT,210,24,22.05,24.7,0.88,3.81%,24,619,25.68%,6/18/2021
AAPL210618C00215000,2019-04-02 11:08AM EDT,215,19.85,20.15,23.15,0,-,30,310,25.85%,6/18/2021
AAPL210618C00220000,2019-04-05 2:29PM EDT,220,20.42,18.85,21,1.42,7.47%,1,784,25.40%,6/18/2021
AAPL210618C00225000,2019-04-05 11:57AM EDT,225,18.2,17.25,19.15,0.4,2.25%,2,280,25.12%,6/18/2021
AAPL210618C00230000,2019-04-05 2:17PM EDT,230,17.45,16.5,18,2.08,13.53%,368,411,25.35%,6/18/2021
AAPL210618C00235000,2019-04-05 1:36PM EDT,235,15.65,14.3,17.9,0.15,0.97%,27,823,26.44%,6/18/2021
AAPL210618C00240000,2019-04-05 3:16PM EDT,240,13.5,13.2,14.85,0.41,3.13%,6,293,24.82%,6/18/2021
AAPL210618C00245000,2019-04-05 3:17PM EDT,245,12.8,11.65,13.55,0.49,3.98%,8,126,24.67%,6/18/2021
AAPL210618C00250000,2019-04-05 3:17PM EDT,250,11.35,11,12,1.04,10.09%,6,656,24.19%,6/18/2021
AAPL210618C00260000,2019-04-05 3:56PM EDT,260,9.75,8.05,9.8,0.26,2.74%,2,143,23.82%,6/18/2021
AAPL210618C00270000,2019-04-05 3:58PM EDT,270,7.71,6.3,8.2,-0.09,-1.15%,2,62,23.77%,6/18/2021
AAPL210618C00280000,2019-04-05 3:48PM EDT,280,6.4,5.85,6.6,0.45,7.56%,8,216,23.42%,6/18/2021
AAPL210618C00290000,2019-04-05 2:08PM EDT,290,5.3,4.05,5.8,0.3,6.00%,1,276,23.80%,6/18/2021
AAPL210618C00300000,2019-04-05 2:09PM EDT,300,4.8,3.8,5,0.43,9.84%,12,"1,211",23.99%,6/18/2021
